id,subject_area,q,oa,ob,oc,od,oe
edb5925a-6a1f-5689-bb6a-07ee1f7b1ca5,KIMYA,"UHT (sterilizasyon) ve pastörizasyon işlemi ile elde edilen süt örneklerinde,
I. Elde edilme koşulları
II. Raf ömrü
III. Mikroorganizma varlığı
hangileri farklıdır?",Yalnız I,Yalnız II,I ve II,I ve III,"I, II ve III"
a7c0588c-82fa-5e32-bc55-e9f5d06b6be5,KIMYA,"I. Okyanuslar
II. Buz dağları ve buzullar
III. Yer altı suları
Bu su kaynaklarının büyüklükleri aşağıdakilerin hangisinde doğru verilmiştir?",I > II > III,I > III > II,II > I > III,III > II > I,II > III > I
1090dae5-32b7-5c8d-8a46-d966b1c0ac8f,KIMYA,"Yaşanılabilir, sağlıklı bir çevre için öncelikle çevreye zararlı kimyasal kirleticilerin etkilerinin azaltılması için çözümler üretilmelidir.
Aşağıdakilerden hangisi üretilen bu çözümlerden değildir?",Erozyonla mücadele edilmeli ve bitki örtüsü korunmalıdır.,Çevreye uygun tarım politikası geliştirilmelidir.,Marketlerde kâğıt kese yerine plastik torba kullanımı yaygınlaştırılmalıdır.,Sıfır atık projesi her alanda devreye sokulmalıdır.,Yenilenemeyen enerji kaynaklarının kullanımı azaltılmalıdır.
670e1170-f953-5502-9a5b-347791a39b2b,KIMYA,Aşağıdakilerden hangisi maddenin üç hali için de ayırt edici özelliktir?,Erime noktası,Öz ısı,Kaynama noktası,Genleşme katsayısı,Esneklik katsayısı
81faef8b-278a-50cb-911c-442fbc794e9f,KIMYA,"Ağzı açık kapta 1 atm basınç altında kaynamakta olan doymamış tuzlu su çözeltisine bir miktar daha aynı tuzdan ilave ediliyor.
Buna göre, çözelti ile ilgili,
I. Kaynamaya başlama noktası artar.
II. Kaynaması bir süre durur.
III. Buhar basıncı azalır.
yargılarından hangileri doğrudur?",Yalnız I,Yalnız II,I ve II,II ve III,"I, II ve III"
fe1bde74-5682-5e3f-9277-beed53bcdf2b,KIMYA,I. Kömür II. Güneş enerjisi III. LNG Yukarıdaki enerji kaynaklarının çevreye verdiği zararın büyükten küçüğe doğru sıralaması aşağıdakilerden hangisinde verilmiştir?,"III, II, I","III, I, II","I, II, III","II, III, I","I, III, II"
4829ec7d-6556-5148-8f17-fa673c7aac5d,KIMYA,"Dış basıncın 1 atm olduğu ortamda kloroformun kaynama sıcaklığı $61,2 \ \text{°C}$ ve asetonun kaynama sıcaklığı ise $56,1 \ \text{°C}$'dir. Bu maddelerin buhar basınçları ve kaynama sıcaklıklarıyla ilgili, I. Dış basıncın 1 atm olduğu ortamda kloroformun $61,2 \ \text{°C}$'deki buhar basıncı, asetonun $56,1 \ \text{°C}$'deki buhar basıncına eşittir. II. $40 \ \text{°C}$'de kloroformun buhar basıncı asetonunkinden büyüktür. III. Dış basıncın $0,8 \ \text{atm}$ olduğu ortamda, asetonun kaynama sıcaklığı kloroformunkinden büyüktür. ifadelerinden hangileri doğrudur?",Yalnız I,Yalnız II,I ve III,II ve III,"I, II ve III"
462c27f6-649c-53cf-bfda-5a2de0e96b66,KIMYA,"Fotosentez yapan bir yaprağın kloroplastında gerçekleşen; I. ışığın soğurulması, II. $CO_2$ nin tutulması, III. suyun parçalanması, IV. karbonhidratların üretimi olaylarından hangileri stromada gerçekleşir?",I ve III,II ve IV,"I, II ve III","II, III ve IV","I, II, III ve IV"
6f653b1a-baaa-575f-b700-d0538ea2525d,KIMYA,"I. Elektronik sanayi
II. Malzeme bilimi
III. Tıp ve eczacılık
Yukarıdakilerden hangilerinde nanoteknoloji çalışmaları yapılmaktadır?",Yalnız I,Yalnız II,Yalnız III,I ve II,"I, II ve III"
8ea6348c-0c5b-5d66-8369-76b92920fe5f,KIMYA,Aşağıdaki karışımlardan hangisini ayrımsal damıtma yöntemi ile bileşenlerine ayırmak en uygundur?,Katı - katı homojen karışım,Katı - sıvı heterojen karışım,Sıvı - sıvı heterojen karışım,Sıvı - sıvı homojen karışım,Katı - gaz heterojen karışım
99dddd90-40d9-5392-b173-8449daea55bc,KIMYA,"Katı - katı homojen karışımlara özel ad olarak ""alaşım"" denilmektedir.
Buna göre, aşağıda verilenlerden hangisi alaşım sınıfında değildir?",18 ayar altın,Lehim,Çelik,Kalay,Tunç
326a8978-06f5-5023-820d-cb929099263c,KIMYA,"I. Karışım: Kum - odun talaşı
II. Karışım: Şeker - su
III. Karışım: Kum - su
Yukarıdaki karışımları bileşenlerine ayırmak için kullanılması gereken en uygun ayırma yöntemleri seçeneklerden hangisinde doğru verilmiştir?",Yüzdürme / Basit damıtma / Süzme,Yüzdürme / Süzme / Kristallendirme,Özütleme / Ayrımsal damıtma / Yüzdürme,Özütleme / Süzme / Yüzdürme,Kristallendirme / Basit damıtma / Süzme
9ce01b33-a20f-535b-b606-d51155dcda08,KIMYA,"Doğal su döngüsü, I. iklim ve bitki çeşitliliği, II. yabani hayvanların göçü, III. insanların yerleşim yerleri ve sosyal yaşamları yukarıdakilerden hangilerini etkiler?",Yalnız I,Yalnız II,I ve II,II ve III,"I, II ve III"
a0d5e02e-eb57-5e4e-9852-0872cca25cd4,KIMYA,"Sodyum bikarbonat tuzu ile ilgili, I. Formülü $NaHCO_3$'tür. II. Yaygın adı yemek sodasıdır. III. Gıda endüstrisinde asitlik düzenleyici olarak kullanılır. ifadelerinden hangileri doğrudur?",Yalnız I,Yalnız III,I ve II,II ve III,"I, II ve III"
2d4ce959-3adc-558f-ac66-acff26233111,KIMYA,Aşağıdaki karışım sınıflarından hangisinin karşısında verilen örnek yanlıştır?,"Süspansiyon
Naftalinli - su","Emülsiyon
Alkol - su","Aerosol
Sis","Kolloit
Kan","Adi karışım
Toprak"
aba4c332-9518-5245-bc6a-39d9907380e3,KIMYA,"Aşağıda belirtilen koşullarda bulunan gazlardan hangisi ideale en yakındır?
(H: 1, He: 4, C: 12, N: 14, O: 16, S: 32)","He, 0.5 atm, 273 K","CH$_4$, 0.5 atm, 273 K","O$_2$, 1 atm, 273 K","NH$_3$, 1 atm, 273 K","SO$_2$, 1 atm, 273 K"
b99e46ba-c6f0-53ef-86f3-0ec14ba90e21,KIMYA,"I. Sürdürülebilir enerjiye ve kalkınmaya destek olur.
II. Çevre ve doğal enerji kaynaklarının korunmasını sağlar.
III. Petrol ithalatının azaltır.
IV. Biyokütleden enerji üretimi özellikle tarım işçiliğine gereksinimi azaltır.
V. Enerji tarımının gelişmesini engeller.
Yukarıda verilenlerden kaç tanesi biyokütle enerjisinin faydaları arasında yer alır?",5,4,3,2,1
c2b2683c-e74b-5a34-9b84-b89fbf00be98,KIMYA,"Simya döneminde simyacıların yaptığı çalışmalar kimya bilimine çok sayıda katkı sağlamıştır. Bu dönemde uygulanan ve hâlâ günümüzde de kimya laboratuvarında madde analizi ve sentezinde kullanılan yöntemler vardır.
Buna göre;
I. kristallendirme,
II. elektroliz,
III. çöktürme,
IV. damıtma,
V. buharlaştırma
yöntemlerinden hangisi simya döneminden günümüze aktarılan yöntemler arasında yer almaz?",I,II,III,IV,V
c2df4314-47e5-51a3-a014-03f1c47ae974,KIMYA,"Çözünürlüğü sıcaklıkla artan glikozun doymamış sulu çözeltisi kaynayıncaya kadar ısıtılıyor.
Buna göre, kaynamaya başlayan sulu çözelti ile ilgili;
I. Sıcaklığı bir miktar daha yükselir.
II. Çözünen madde miktarı artar.
III. Molar derişimi bir miktar artar.
yargılarından hangileri doğrudur?",Yalnız I,Yalnız II,I ve II,I ve III,"I, II ve III"
d12a76bc-4d27-5d70-9a88-c7a135da9c5f,KIMYA,Aşağıda bazı ayırma yöntemleri ve bu yöntemlerde kullanılan ayırt edici özellik eşleştirmesi yanlış verilmiştir?,Ayırma Hunisi - Özkütle,Süzme - Tanecik boyutu,Ayrımsal Damıtma - Hal değişimi,Diyaliz - Özkütle,Ekstraksiyon - Çözünürlük
d8d8c967-9958-5950-a981-d03eab8072d0,KIMYA,"Maddeler, saf madde ve saf olmayan madde şeklinde sınıflandırılır. Saf olmayan maddeler ise karışımlardır. Buna göre; I. heterojen görünümlü olma, II. iki ya da daha fazla cins atom içerme, III. fiziksel yöntemlerle bileşenlerine ayrılabilme özelliklerinden hangileri kesinlikle karışımları saf maddelerden ayıran özelliklerdendir?",Yalnız I,Yalnız II,Yalnız III,I ve III,II ve III
450c2a98-5851-5a48-b8dc-d538f5e87c08,KIMYA,"I. Maddelerin gaz hâlinden plazma hâline geçişinde net ve sabit bir sıcaklık değeri vardır.
II. Plazmanın kütlesinin büyük çoğunluğunu serbest hâldeki yüklü parçacıklar oluşturur.
III. Plazmalarda madde tanecikleri bulundukları kapta bulut şeklinde kümeler.",Yalnız I,Yalnız II,I ve II,I ve III,II ve III
83efe97f-865b-513f-8ab1-ec622e2fbd11,KIMYA,"$XY_3$ molekülü su ile homojen karışım oluşturmaktadır.
Buna göre, $XY_3$ molekülü ile ilgili;
I. Bağ açısı $120^	ext{o}$ dir.
II. Polar moleküldür.
III. X atomu $3A$ grubundandır.
yargılarından hangileri doğrudur?",Yalnız I,Yalnız II,Yalnız III,I ve II,II ve III
0aae06ea-eed3-5bd2-8342-469b2d90d249,KIMYA,Aşağıda verilen gazlardan hangisinin hava kirletici özelliği yoktur?,$SO_2$,$NO_2$,$CO_2$,$O_2$,$CO$
ea8c10bc-2cc6-57d8-b556-0dd02ef290a0,KIMYA,Aşağıdaki katı örneklerinden hangisinin sabit bir erime noktası yoktur?,Kuvars,Tereyağı,Şeker,Kalay,Sud kostik
fb394942-f0e7-56d7-b882-76e4130c125c,KIMYA,"Sera etkisi ile ilgili,
I. Güneş ışınlarının atmosfer tarafından hapsedilmesi olayıdır.
II. Karbondioksit, su buharı, CFC gazları sera etkisine neden olan başlıca gazlardandır.
III. Günümüzde en önemli çevre sorunları arasındadır.
ifadelerinden hangileri doğrudur?",Yalnız I,Yalnız II,I ve II,I ve III,"I, II ve III"
50e805fc-0a09-5d52-8db2-b9192fba9afb,KIMYA,Aşağıdaki özelliklerden hangisi saf maddelerin ayırt edici özelliği değildir?,Çözünürlük,Öz hacim,Hacim,Erime ısısı,Öz kütle
a0d439b4-5bbf-5129-89cf-0c16fd4cbac7,KIMYA,Aşağıdakilerden hangisi su kirliliğinin neden olduğu sorunlar arasında yer almaz?,Su kaynaklarında toplu balık ölümleri,"İnsanlarda tifo, dizanteri gibi hastalıkların oluşması",Sahillerde deniz salyası olarak bilinen müsilaj oluşması,Sağlıksız tarım ürünlerinin üretilmesi,Canlılarda nefes alıp vermenin zorlaşması
f1e02ff3-771b-55ba-9afd-1d0d5962fb52,KIMYA,Sert sularla ilgili; I. Makinalarda kireçlenmeye neden olarak zarar verir. II. Sabunun temizleme gücünü azaltır. III. Tadı güzel ve içimi rahattır. yargılarından hangileri yanlıştır?,Yalnız I,Yalnız II,Yalnız III,I ve II,II ve III
ec75e22f-eaaa-5568-a7eb-790a3f4ba332,KIMYA,I. Kaynak suyu II. Deniz suyu III. Göl suyu Yukarıdakilerden hangileri herhangi bir arıtma tabi tutulmadan içilebilir ve kullanılabilir su kaynaklarıdır?,Yalnız I,Yalnız II,I ve III,II ve III,"I, II ve III"
fbb478bf-8d35-5712-b8bc-ceb7c4310815,KIMYA,"Gaz fazındaki maddeler ile ilgili,
I. $0^	ext{o}C$ ve 1 atm'de 1 molü 22,4 litre hacim kaplar.
II. $25^	ext{o}C$ ve 1 atm'de 1 molü 24,5 litre hacim kaplar.
III. Aynı şartlar altında eşit tanecik sayıları eşit hacim kaplar.
verilenlerden hangileri doğrudur?",Yalnız I,I ve II,I ve III,II ve III,"I, II ve III"
5a81feae-2194-5a77-b20f-0bf193a90e2f,KIMYA,"Fosil yakıtların birçok kullanım alanı bulunmaktadır.
Buna göre,
I. Mazot
II. Benzin
III. Antrasit
hangileri günümüzde motorlu araçlarda doğrudan yakıt olarak kullanılabilir?",Yalnız I,Yalnız II,Yalnız III,I ve II,"I, II ve III"
6ab34515-2262-5d59-a608-6efac21551dc,KIMYA,"Yukarıda kir ve sabunun etkileşimi ile ilgili,
I. Sabunun a kısmı su ile etkileşir.
II. Sabunun b kısmı kir ile etkileşir.
III. Sabunun b kısmının ve kirin molekül yapısı birbirine benzer.
yargılarından hangileri doğrudur?",Yalnız I,I ve II,I ve III,II ve III,"I, II ve III"
b5da6ed6-73f9-50b1-81a0-852df1d75156,KIMYA,"Yanda verilen malzemeler ile ilgili, I. I.si huni, II.si ayırma hunisidir. II. I.si katı + sıvı heterojen karışımların ayrılmasında kullanılır. III. II.si birbiri içerisinde çözünebilen sıvı + sıvı homojen karışımlarının ayrılmasında kullanılır. İfadelerinden hangileri doğrudur?",Yalnız I,I ve II,I ve III,II ve III,"I, II ve III"
634c215b-53ff-5672-b70c-4fca5764b276,KIMYA,"Joule - Thomson Olayı ile ilgili;
I. Gaz genleşirken soğur.
II. Soğutma sistemlerinde kullanılır.
III. Bisiklet teker şişirilirken sibobun soğuması bu olay ile ilgilidir.
yargılarından hangileri doğrudur?",Yalnız I,Yalnız II,I ve II,I ve III,"I, II ve III"
6273eeca-df9e-507f-afa5-b271cb4650d7,KIMYA,"$t^{\circ}C$'de 4 mol suda 6 mol şeker çözünüyor. Buna göre, oluşan çözeltinin buhar basıncı kaç mmHg'dir? ($t^{\circ}C$'de saf suyun buhar basıncı 30 mmHg'dir.)",4,8,12,14,16
88089281-1d58-5dbc-84f5-1713a3ca090d,KIMYA,Aşağıdakilerden hangisi suyun vücudumuza sağladığı yararlardan biri değildir?,Besinlerin sindiriminde rol oynar.,Günlük harcanan kalori miktarını azaltarak kilo almayı kolaylaştırır.,Toksik maddelerin dışarı atılmasını sağlar.,Vücudun ısı dengesini sağlar.,Kayganlaştırıcı etkisi nedeniyle eklem ve organların rahat çalışmasını sağlar.
9067fb28-7954-5896-be78-7d96680fbb2c,KIMYA,"Yenilenebilir enerji kaynakları ile ilgili;
I. Çevre dostudur.
II. Ana kaynağı genellikle güneştir.
III. Kömür, petrol ve doğal gaz örnek verilebilir.
yargılarından hangileri doğrudur?",Yalnız II,I ve II,I ve III,II ve III,"I, II ve III"
2e92bb57-7353-5092-abeb-13bdd8bf4655,KIMYA,"Antifriz, araba radyatörlerinde donmayı önlemek için kullanılan etilen glikol ve su karışımı bir çözeltidir. Sivas'ta hava sıcaklığının $-37,2 \text{ °C}$'ye kadar düştüğü bir kış gecesinde arabasının motor suyunun donmamasını isteyen Züleyha, radyatör bölmesine antifriz ekleyecektir. $1 \text{ kg}$ su kullanarak hazırlanacak olan antifriz çözeltisinin bu sıcaklıkta donmaması için en az kaç litre etilen glikol kullanılması gerekmektedir? (Etilen glikol için mol kütlesi: $62 \text{ g/mol}$, yoğunluk: $1,24 \text{ g/mL}$'dir. Su için molal donma noktası düşmesi sabiti $K_d = 1,86 \text{ °C/m}$'dir. Etilen glikolün suda moleküler çözündüğü varsayılacaktır.)","$0,5$","$0,75$",$1$,"$1,25$","$1,5$"
533b095d-cc02-5102-95e5-72f0aa2f7438,KIMYA,Verilenlerden hangileri su kirliliğine neden olan doğal sebeplerdendir? I. Sanayileşme II. Yağmur suları III. Kimyasal gübreler,"I, II ve III",II ve III,I ve II,I ve III,Yalnız II
0b4a3663-3dd3-56cd-919e-1217905fa2a4,KIMYA,"Buharlaşma olayı ile ilgili, I. Sıvı moleküllerinin buhar haline geçmesidir. II. Sıvı yüzeyinde gerçekleşir. III. Buharlaşma esnasında sıvı veya ortam soğur. yargılarından hangileri doğrudur?",Yalnız I,I ve II,I ve III,II ve III,"I, II ve III"
215a7850-f623-5c83-b432-0b0d0fe1e7e7,KIMYA,"Kristal katılar ile ilgili, I. Katıyı oluşturan tanecikler düzenli bir şekilde istiflenmiştir. II. Belirli bir geometrik şekilleri ve erime noktaları yoktur. III. Isıtıldıklarında belirli bir sıcaklık aralığında yumuşarlar. yargılarından hangileri doğrudur?",Yalnız I,Yalnız III,I ve II,I ve III,"I, II ve III"
c2564478-4993-535e-a6b2-9888e18b6bb4,KIMYA,Verilenlerden hangileri içilebilir özellikteki suyun özelliklerindendir? I. Bulanıklık ve tortu içermemelidir. II. Acı olmamalıdır. III. İçerisinde bol miktarda $Ca^{2+}$ ve $Mg^{2+}$ iyonları içermelidir.,"I, II ve III",II ve III,I ve II,Yalnız II,Yalnız III
b852493b-97dc-54f0-aa16-6fb2891705cd,KIMYA,"$A_2$ ve $B_2$ gazlarının bulunduğu kapalı bir kaptaki toplam basınç 2 atm olarak ölçülmüştür. $A_2$ gazının mol kesri 0,4 olduğuna göre kaptaki $B_2$ gazının basıncı atm cinsinden aşağıdakilerin hangisinde doğru verilmiştir?","0,4","0,8","1,2","1,6","1,8"
3a6051a3-aab8-5454-b1f4-268997c0fde8,KIMYA,"50 mL alkol ile hazırlanan sulu çözeltideki alkolün kütlece yüzdesi $25$'tir. Buna göre, çözeltinin kütlesi kaç gramdır? ($d_{alkol} = 0,8 \ g/mL$)",100,160,200,240,300
711d91a2-187f-567b-9770-aa644267b02f,KIMYA,"1 atmosfer basınçta moleküler yapılı bir maddenin 14,4 gramı 40 gram saf suda çözünmesiyle oluşan çözeltinin kaynama noktası saf suyunkinden 1,04 °C daha yüksektir.
Buna göre, bu maddenin mol kütlesi kaçtır?
(Saf su için $K_b = 0,52 \text{ °C/m}$)",45,96,116,180,208
aea78c5d-317d-5225-927a-84c963a9a83b,KIMYA,"$1,2 \text{ M } 400 \text{ mL Al}_2(SO_4)_3$ sulu çözeltisine aynı sıcaklıkta $1,2 \text{ M } 800 \text{ mL Al}_2(SO_4)_3$ sulu çözeltisi eklenirse oluşan çözelti ile ilgili;
I. $\text{Al}^{+3}$ iyon derişimi değişmez.
II. $\text{SO}_4^{-2}$ iyon derişimi artar.
III. $\text{SO}_4^{-2}$ iyon sayısı artar.
yargılarından hangileri doğrudur?",Yalnız I,I ve II,I ve III,II ve III,"I, II ve III"
0939f92d-2063-5f8f-89bd-8d393fd55c6b,KIMYA,"25 °C'de n mol $Ca(NO_3)_2$ tuzunun 108 gram suda tamamen çözünmesiyle hazırlanan çözeltinin buhar basıncı 20 mmHg'dir. Buna göre, hazırlanan sulu çözeltide kaç gram $Ca(NO_3)_2$ tuzu çözünmüştür? (Mol kütleleri: $H_2O = 18 \ \text{g/mol}$, $Ca(NO_3)_2 = 164 \ \text{g/mol}$, 25 °C'de saf suyun buhar basıncı = 24 mmHg'dir.)","59,5","62,5","65,6",70,"72,5"
ed8bcfd4-28e2-5c0a-90cf-542f4e94bf18,KIMYA,"Bir enerji kaynağı ile ilgili aşağıdaki bilgiler veriliyor.
• Çevre kirliliği oluşturmaz.
• Ham maddeye ihtiyacı yoktur.
• Yenilenebilir enerjidir.
Buna göre, bu enerji kaynağı aşağıdakilerden hangisinde doğru olarak verilmiştir?",Petrol,Nükleer enerji,LPG,Güneş enerjisi,Kömür
637e49b0-d691-5962-9ab8-b43834bd21dd,KIMYA,"I. Gazların hacmi, basınç ve sıcaklık değişimiyle değişebilir.
II. Bir gazın içinde bulunduğu kapalı kabın hacmine eşittir.
III. $1 \text{ dm}^3 = 1000 \text{ mL} = 10^{-3} \text{ m}^3$'tür.
Yukarıdaki ifadelerden hangileri doğrudur?",Yalnız I,I ve II,I ve III,II ve III,"I, II ve III"
45f715ef-8a5b-5298-b15c-5565943b3650,KIMYA,"I. Katı + katı heterojen
II. Sıvı + sıvı heterojen
III. Sıvı + sıvı homojen
Yukarıda verilen karışım türlerinden hangileri yoğunluk farkından yararlanılarak ayrıştırılabilir?",Yalnız I,I ve II,I ve III,II ve III,"I, II ve III"
ceaa7fa2-8e2a-5bf9-861e-8b97ebb02d3c,KIMYA,"İdeal He ve $CH_4$ gazlarının;
I. Aynı sıcaklıkta ortalama yayılma hızları
II. $127^{\circ}C$'deki $CH_4$ gazı ile $-173^{\circ}C$'deki He gazının ortalama yayılma hızı
III. $927^{\circ}C$'deki $CH_4$ gazı ile $227^{\circ}C$'deki He gazının ortalama yayılma hızı
hangileri eşittir?
(Mol kütleleri: $H=1$ g/mol, $He=4$ g/mol, $C=12$ g/mol)",Yalnız I,Yalnız II,I ve II,II ve III,"I, II ve III"
e23bf841-12d6-5a10-98f6-cf79cc556910,KIMYA,Kütlece %20'lik 400 gram tuz çözeltisinden çökme olmadan 80 gram su buharlaştırılıyor. Buna göre son durumdaki çözeltinin kütlece yüzde derişimi kaçtır?,25,30,40,50,75
bdb1d8b2-bf39-5d94-8b27-9472a6131bd7,KIMYA,"Arı suya saf X maddesi atılıp çözülmesiyle oluşan çözeltinin arı suya göre kaynama noktasının arttığı, elektriksel iletkenliğinin ise değişmediği gözleniyor.
Buna göre, X maddesi aşağıdakilerden hangisi olabilir?",Etil alkol,Yemek tuzu,Sud kostik,Çay şekeri,Zeytin yağı
948d7b01-9fd3-52b0-8e55-52c2f0bbb31e,KIMYA,"Yoğunluğu 1,08 g/ml olan 500 ml NaOH çözeltisinin derişimi 2M olduğuna göre çözeltinin derişimi kaç molaldir? (NaOH: 40)",2,"1,8","1,5",1,"0,5"
f4282959-f657-5fbf-b3d8-0e16609f9019,KIMYA,"• Çiçek ve kızamık hastalıklarının tedavisinde ilk kez kimyayı tıbba uygulayan simyacıdır.
• Fırın, kroze gibi araç gereçleri geliştirmiştir.
• Karıncalardan formik asit elde etmiş ve alkolü antiseptik olarak tıpta kullanmıştır.
Yukarıda sözü edilen kişi aşağıdakilerden hangisidir?",A. Lavoisier,Democritus,Cabir bin Hayyan,Ebubekir Er-Razi,İbn-i Sina
5d7c68f7-1742-572f-b184-0850d92ef2d7,KIMYA,"""Katı - sıvı heterojen karışımlara süspansiyon denir."" Buna göre, aşağıdakilerden hangisi süspansiyon değildir?",Tuzlu su,Kumlu su,Kireçli su,Ayran,Çamurlu su
5314cd50-92e3-5733-8856-5fb06139fde6,KIMYA,"Sürdürülebilir kalkınma için;
I. Enerji ve doğal kaynakları kullanırken tasarruf edilmeli
II. Fosil yakıtlar tercih edilmeli
III. Kâğıt ve plastik gibi maddeler çöp yerine geri dönüşüme kazandırılmalı
yargılarından hangileri uygulanabilir?",Yalnız I,Yalnız II,I ve III,II ve III,"I, II ve III"
eacce09e-b472-5e93-af1b-7f3ef40e4352,KIMYA,"Bir X tuzunun belirli sıcaklıktaki çözünürlüğü $30 \text{ g X}/100 \text{ g su}$dur. Buna göre aynı sıcaklıktaki, I. Doygun çözelti kütlece %30'luktur. II. $200 \text{ gram}$ suda en fazla $60 \text{ gram}$ X çözünür. III. $45 \text{ gram}$ X katısını tamamen çözebilmek için $150 \text{ gram}$ su kullanılır. yargılarından hangileri doğrudur?",Yalnız II,Yalnız III,I ve III,II ve III,"I, II ve III"
6ee5b734-d576-5e21-a499-1dc72fee5f9f,KIMYA,"Karbon dioksit, azot oksitler ve kükürt oksitler havadaki su buharı ile birleşerek asit yağmurlarına neden olurlar.
Atmosferde oluşan asit yağmurları ile ilgili,
I. Tarihi eserlerin aşınmasına neden olur.
II. Astım ve bronşit gibi solunum yolu hastalıklarına neden olur.
III. Bitki örtüsünün zarar görmesine neden olur.
yargılarından hangileri doğrudur?",Yalnız I,I ve II,I ve III,II ve III,"I, II ve III"
f501531d-1ad1-5b20-85d8-baa642e733c1,KIMYA,Canlı kalıntılarının milyonlarca yıl .................... ortamda başkalaşıma uğraması sonucu oluşan yakıtlara yakıt denir. Bu yakıtlar genel olarak petrol ve kömür olmak üzere iki guruba ayrılır. Petrol türevi olan .................... karışımının büyük bir kısmını .................... gazı oluşturmaktadır. Yukarıdaki paragrafta yer alan boşluklara aşağıdaki seçeneklerde verilen kelimeler doğru bir şekilde yazıldığında hangisi açıkta kalır?,oksijensiz,fosil,biyokütle,doğal gaz,metan
75a9b15b-a538-5f08-ba86-6cfab16a0bda,KIMYA,Kütlece %20'lik 300 g tuzlu su çözeltisine 40 g tuz ve 160 g saf su ilave edildiğinde oluşan çözeltinin kütlece yüzde derişimi aşağıdakilerden hangisi doğru verilmiştir?,8,10,12,15,20
24ae096a-9b3a-5270-a311-5968d50f38f1,KIMYA,"5 litre hacimli $0,2 \text{ M KOH}$ çözeltisi hazırlamak için $4 \text{ M KOH}$ çözeltisinden kaç mL alınarak hacmi saf su ile $5 \text{ litreye}$ tamamlanmalıdır?",25,50,125,250,500
a0a9ff45-c40b-57e5-836f-330c8c68f05c,KIMYA,Aşağıdaki kozmetik ürünlerinden hangisini kullanan birisinin amacı vücudunun o bölgesini temizlemektir?,Parfüm,Saç boyası,Şampuan,Saç jölesi,Kalıcı dövme boyası
67cccee8-af13-5f5e-950a-d41e69bdb7af,KIMYA,"Kütlece $%20$'lik HCl sulu çözeltisinin yoğunluğu $1,2 \ g/mL$'dir. Buna göre bu çözeltinin $500 \ mL$'sinde kaç gram HCl bulunur?",45,60,75,90,120
783913a9-384c-541a-ab11-0a331d69e8d0,KIMYA,Aşağıdaki olaylar ve bu olayların adı aşağıdakilerin hangisinde yanlış verilmiştir?,Karpuzun kesildikten sonra kısa bir süre güneşte tutulması sonucu soğuması - Buharlaşma,Denizden çıkan insanın üşümesi - Buharlaşma,Buzdolabından çıkarılan su şişesinin yüzeyinin ıslanması - Yoğuşma,Ateşli hastalık geçirenlerin alnına ıslak tülbent konulduğunda ateşin düşmesi - Yoğuşma,Sıcak bir günde limonata bardağının buz konulduğunda bardağın dışının terlemesi - Yoğuşma
4374addd-1f75-590e-bf94-7a3ff6ecaa61,KIMYA,"Kütlece % $20$’lik $200$ g $KNO_3$ ve % $30$’luk $300$ g $KNO_3$ çözeltileri karıştırılıyor.
Oluşan karışımın kütlece yüzdesi aşağıdakilerden hangisidir?",$10$,$16$,$26$,$32$,$42$
137d7d90-701f-50cd-b5dd-be86fb3b5b51,KIMYA,"Joule - Thomson olayı ile ilgili;
I. Klima gibi soğutucu sistemlerin temel soğutma ilkesini oluşturur.
II. Bisiklet tekeri şişirilirken tekerlekteki sibobun soğuması örnek olarak verilebilir.
III. Genleşmeye uğrayan tüm gazlar bulunduğu ortamı soğutur.
yargılarından hangileri doğrudur?",Yalnız I,Yalnız II,Yalnız III,I ve II,I ve III
1b352c29-b60d-5602-876d-3be1313f9819,KIMYA,Gıda katkı maddeleri kullanımının yasak olduğu bir ülkede aşağıdakilerden hangisinin doğru olması beklenmez?,Çikolata heterojen görünümlüdür.,Ekmek kısa zamanda küflenir.,Şekerlemeler yeterince tatlı değildir.,Dondurmanın rengi canlı ve albenilidir.,Mayonezdeki sıvı yağ diğer maddelerden ayrı durur.
43a10f93-7ccd-5958-8ad4-6cb9415ba4db,KIMYA,I. Çözeltinin sıcaklığı II. Çözeltinin karıştırılması III. Katının toz haline getirilmesi Yukarıdakilerden hangileri tuzların hem çözünürlüğünü hem de çözünme hızını etkiler?,Yalnız I,Yalnız II,Yalnız III,I ve II,II ve III
bc41139d-fea1-5605-b7f3-2d7e601eb1e6,KIMYA,"Kütlece %20'lik 300 gram tuzlu su çözeltisi ile kütlece %30'luk bir miktar tuzlu su çözeltisi karıştırıldığında kütlece %24'lük tuzlu su çözeltisi oluşuyor. Buna göre, kütlece %30'luk karışımın kütlesi kaç gramdır?",50,100,150,200,250
f2a8d35a-81de-5f41-8640-cdf7738720c4,KIMYA,"Karbon nanotüpler ile ilgili;
I. Isı ve elektriği iletir.
II. Doğal bir allotroptur.
III. Çok küçük boyuttaki tüplerden oluşur.
yargılarından hangileri yanlıştır?",Yalnız I,Yalnız II,Yalnız III,I ve II,II ve III
c89d36c9-0ca5-53f4-ade4-624c5e1e5530,KIMYA,Kütlece % 30 luk 40 gram NaOH çözeltisi ile kütlece %50 lik 60 gram NaOH çözeltisi karıştırıldığında oluşan çözelti kütlece % kaçlıktır?,32,38,42,210,46
281a17a2-ca44-5fc1-9247-5485f71e5f6b,KIMYA,"Derişimi $12 	ext{ M}$ olan $	ext{HCl}$ stok çözeltisinden $	ext{X mL}$ alınarak hacmi $200 	ext{ mL}$ olacak şekilde üzerine saf su ekleniyor.
Son durumdaki çözeltinin derişimi $0,3 	ext{ M}$ olduğuna göre $	ext{X}$ değeri aşağıdakilerin hangisinde doğru verilmiştir?",2,4,5,8,10
bdca8684-9cef-51ec-be7d-46fa7ab44981,KIMYA,"Aynı ortamda bulunan saf su ve çeşme suyu ile ilgili,
I. Çeşme suyunun kaynama noktası daha yüksektir.
II. Saf suyun donma noktası daha yüksektir.
III. Çeşme suyunun yoğunluğu daha büyüktür.
yargılarından hangileri doğrudur?",Yalnız I,Yalnız II,Yalnız III,I ve II,"I, II ve III"
8c83ab3f-96ee-58ae-90a7-84e736d4dd8e,KIMYA,25 g $KNO_3$ kullanılarak hazırlanan 125 g $KNO_3$ çözeltisi kütlece % kaçtır?,10,20,25,40,50
77752516-9b52-5a5b-bb59-17cdf172c255,KIMYA,Aşağıdaki çözeltilerden hangisinde çözünen $NaCl$ miktarı en fazladır? ($NaCl$: 58),Kütlece %20'lik 250 gram $NaCl$ çözeltisi,"0,2 molar 1 litre $NaCl$ çözeltisi",2 ppm $NaCl$ çözeltisi,"2 molar 0,5 litre $NaCl$ çözeltisi",1 molal 200 gram $NaCl$ çözeltisi
a7b3c529-f501-52c3-8a82-055e8f971998,KIMYA,"Şeker, odun talaşı ve kumdan oluşan bir karışımı bileşenlerine ayırmak için aşağıdaki işlemlerden hangisine gerek yoktur?",Su ekleme,Yüzeyden kaşıkla toplama,Süzgeç kağıdından geçirme,Süzüntüyü ısıtarak buharlaştırma,Santrifüjleme
56064c0d-3b0e-5f5c-80af-acbdd4a4ad1e,KIMYA,"Oda koşullarında bulunan saf A maddesi ile ilgili aşağıdaki bilgiler veriliyor.
– Elektrik akımını iletir.
– Öz kütlesi sabittir.
– Genleşme katsayısı ayırt edici özelliktir.
Buna göre, A maddesi aşağıdakilerden hangisi olabilir?",$C_2H_5OH_{(s)}$,$H_2O_{(k)}$,$NaCl_{(k)}$,$Zn_{(k)}$,$NaCl-Su$ karışımı
45b93367-eebe-5699-b584-d47a87288b39,KIMYA,"I. Bazı besinler ilaç olarak kabul edilir.
II. Mide ilaçlarının etkisinin yüksek olması için damar yoluyla alınması gerekir.
III. İnsülin hormonunun ağız yoluyla alınması biyolojik olarak daha uygundur.
Yukarıdaki ifadelerden hangileri yanlıştır?",Yalnız I,Yalnız II,I ve II,II ve III,"I, II ve III"
bf72fdc2-c5f4-5580-8ee5-6bd757eef51a,KIMYA,"Oda koşullarında 1 M 600 mL KBr çözeltisine 0,5 M 400 mL KBr çözeltisi ilave ediliyor.
Buna göre, KBr çözeltisinin;
I. Buhar basıncı
II. Donma noktası
III. Kaynama noktası
niceliklerinden hangileri artar?",Yalnız I,Yalnız II,I ve II,II ve III,"I, II ve III"
e4cd4f66-166c-5e6b-a43e-595abd9c0f4a,KIMYA,Kütlece %15'lik X çözeltisinde 272 gram saf su bulunmaktadır. Buna göre çözeltide kaç gram X çözünmüştür?,32,40,48,54,60
5ef24fc1-6d3f-534d-a77b-e246d5fe8890,KIMYA,"I. 0,3 molal 200 gram KOH çözeltisi
II. 0,2 molal 300 gram $Al(NO_3)_3$ çözeltisi
III. 0,5 molal 500 gram $C_6H_{12}O_6$ çözeltisi
Yukarıda derişimleri verilen çözeltilerin aynı ortamda kaynamaya başlama sıcaklıklarının karşılaştırılması aşağıdakilerden hangisinde doğru olarak karşılaştırılmıştır?",I > II > III,II > I > III,II > III > I,III > II > I,III > I > II
404857a4-5f84-5888-b48e-d0f701a2269f,KIMYA,"$1$ molal $CaCl_2$ sulu çözeltisinin $1111$ gramına $889$ gram su eklenerek çözelti seyreltiliyor. Buna göre son çözeltideki $Ca^{2+}$ iyonlarının derişimi kütlece yüzde kaçtır? ($Ca = 40$ g/mol, $CaCl_2 = 111$ g/mol, $CaCl_2$'nin suda tamamen iyonlarına ayrışarak çözündüğü varsayılacaktır.)",$1$,$2$,$3$,$4$,$5$
e3076f30-4543-5e69-a16e-d4488357d09b,KIMYA,"3,4 gram $NH_3$ bileşiği ile ilgili, I. 0,2 moldür. II. $0,6N_A$ mol H atomu içerir. III. 0,8 tane atom içerir. ifadelerinden hangileri doğrudur? (H:1, N:14, $N_A$: Avogadro sayısı)",Yalnız I,Yalnız II,I ve II,II ve III,"I, II ve III"
6bc055e4-c5c1-5a21-9250-d2a00f177c17,KIMYA,"2 kg su örneği analiz edildiğinde $Mg^{2+}$ iyonu derişimi 9 ppm olarak ölçülmüştür. Buna göre, bu örnekte kaç mg $Mg^{2+}$ iyonu bulunur?",6,9,12,15,18
193df639-6e2c-5891-959b-102f5ffd5d7b,KIMYA,I. CO II. $CO_2$ III. $NO_2$ Yukarıdaki hava kirliliğine neden olan gazlardan hangileri zehirli değildir?,Yalnız I,Yalnız II,I ve II,I ve III,II ve III
d8e0950b-c469-50dd-a458-8a02d0bd4396,KIMYA,"Saf (arı) maddelerle ilgili;
I. Aynı tür taneciklerden oluşurlar.
II. Hal değişimi sırasında sıcaklık sabit kalır.
III. Formül ya da sembolleri yoktur.
yargılarından hangileri doğrudur?",Yalnız I,Yalnız II,I ve II,I ve III,"I, II ve III"
f0a782b4-079c-5bc9-acf9-d890d4daa643,KIMYA,Aynı sıcaklıkta bulunan aşağıdaki çözeltilerden hangisinin buhar basıncı en yüksektir?,$1 \text{ M C}_2\text{H}_5\text{OH}$,$1 \text{ M NaCl}$,$1 \text{ M Ca(NO}_3)_2$,$1 \text{ M K}_2\text{SO}_4$,$1 \text{ M Al}_2\text{(SO}_4)_3$
b95340a7-5ad7-5e2b-9ccd-b73504759ec1,KIMYA,400 g çözeltide 100 gram çözünmüş A katısı bulunmak-tadır. Buna göre çözeltinin kütlece % (m/m) derişimi kaçtır?,20,25,30,50,60
12c0a22c-0c8f-5b52-94bf-d02b876b9bc5,KIMYA,"$300 \text{ g } CsBr_2$ katısı çözülerek hazırlanan $500 \text{ mL}$'lik sulu çözeltisi kütlece %40'lıktır. Buna göre, çözeltinin yoğunluğu kaç $g/mL$'dir?","1,2","1,3","1,4","1,5","1,6"
baebcb06-99f0-5e45-aa9b-c1a4f4265c41,KIMYA,Marketten aldığı bir çikolatanın etiketine bakan Caner'in bu ürün ile ilgili aşağıdakilerden hangisini anlaması beklenmez?,Son tüketim tarihini,Emülgatör kullanılıp kullanılmadığını,Üretici firma adı ve adresini,Tadımının nasıl olduğunu,Miktarını
c1a9b5e3-bd97-57cb-ad44-b52d4eebfb62,KIMYA,"Bir ülkenin sanayi ve ekonomi alanında güçlü olabilmesi için metal sektöründe gelişmesi gerekir. Ülkemizde metal üretimi için gerekli olan ham maddeler bulunmakla beraber kalite ve kullanılabilirlik açısından yeterli değildir. Bu durumda ülkemizde metal sektörü ve sürdürülebilirlik ile ilgili, yargılarından hangileri doğrudur?
I. Metal sektörü hayatın devamlılığı ve ülkemizin ekonomisi için önemlidir.
II. Metal sektöründe sürdürülebilirliğin sağlanması için geri dönüşüm çalışmaları çok önemlidir.
III. Metallerde geri dönüşüm ile enerji tasarrufu sağlanır.",Yalnız I,Yalnız II,I ve II,II ve III,"I, II ve III"
f8b849df-4437-5475-8e3d-5335af5917a4,KIMYA,"Bir sıvının viskozitesi;
I. Sıcaklık
II. Tanecikler arası çekim kuvveti
III. Sıvının cinsi
hangileri ile değişir?",Yalnız I,Yalnız II,I ve II,I ve III,"I, II ve III"
3f85f8a6-16b2-5653-84c6-027e521b0f99,KIMYA,"0,2 mol $CO_2$ gazı için aşağıdakilerden hangisi yanlıştır? ($C:12 \ g/mol$, $O:16 \ g/mol$, $N_A$: Avogadro sayısı)","0,6 mol atom içerir.","0,2 $N_A$ tane C atomu içerir.","NŞA'da 4,48 L hacim kaplar.","8,8 gramdır.","0,4 mol oksijen molekülü içerir."
ee5de283-3a4e-50db-8525-a36e481ea0ee,KIMYA,"Bir gölden alınan 2 kg su örneğinde 4 mg $Ca^{2+}$ iyonu bulunmaktadır. Buna göre, su örneğindeki $Ca^{2+}$ iyonunun ppm derişimi kaçtır?",1,2,3,4,5
83e52448-6e4e-54ad-b4b1-daf25e84bc3c,KIMYA,"Aşağıda verilen element çiftlerinden hangisi yaygın adları sönmüş kireç, sönmemiş kireç ve kireç taşı olan bileşiklerin üçünün de yapısında bulunur?",Kalsiyum ve hidrojen,Kalsiyum ve karbon,Karbon ve oksijen,Oksijen ve hidrojen,Kalsiyum ve oksijen
18acbcbf-3804-58a4-a0ed-db7d7d004868,KIMYA,I. 3 molar $KNO_3$ çözeltisi II. 2 molar $AlCl_3$ çözeltisi III. 3 molar $CaCl_2$ çözeltisi Yukarıda verilen maddelerin aynı koşullarda buhar basınçları aşağıdakilerden hangisi doğru karşılaştırılmıştır?,I > II > III,I = III > II,II > III > I,III > II > I,III > I > II
698f0370-a101-5969-9cb1-d5831c687035,KIMYA,I. 4 molar NaCl çözeltisi II. 3 molar $CaCl_2$ çözeltisi III. 4 molar $C_6H_{12}O_6$ (şeker) çözeltisi Yukarıdaki verilen maddelerin aynı koşullarda buhar basınçları arasındaki ilişki aşağıdakilerden hangisinin doğru karşılaştırılmıştır?,I > II > III,II > III > I,II > I > III,III > I > II,III > II > I
b7321591-5cea-5824-af81-743b7bb28938,KIMYA,Aşağıdakilerden hangisi havayı kirleten gazlar arasında yer almaz?,CO,SO$_{2}$,O$_{2}$,CFC,CH$_{4}$
db0bb317-8d4c-5cfc-abef-5faf3ece056a,KIMYA,"Yapısında sadece kalsiyum, oksijen ve karbon elementlerini içeren bir bileşiğin yaygın adı aşağıdakilerden hangisi olabilir?",Zaç yağı,Sönmüş kireç,Kireç taşı,Potas kostik,Sirke asidi
c596f595-d207-54b0-8249-bf35f94f4b3a,KIMYA,"Çözünürlüğü sıcaklıkla artan saf bir katının doymamış sulu çözeltisi kaynayıncaya kadar ısıtılıyor.

Buna göre, kaynamakta olan çözeltiyle ilgili;
I. Sıcaklığı artar.
II. Çözünen madde miktarı artar.
III. Molar derişimi artar.

yargılarından hangileri doğrudur?",Yalnız I,Yalnız II,I ve II,I ve III,"I, II ve III"
16ced86d-0cb5-54b7-9d30-9148a8f0f254,KIMYA,Aşağıdaki maddelerden hangisi suyu kirleten organik sıvılardan değildir?,Aseton,Alkoller,Klorlu hidrokarbonlar,Etil asetat,Arsenik
d62b2637-0b49-5866-bb58-9f3e92034453,KIMYA,"""Sıvı - sıvı heterojen karışımlara emülsiyon denir."" Buna göre, aşağıdakilerden hangisi emülsiyon değildir?",Zeytinyağı - su,Civa - su,Benzen - su,Alkol - su,Mazot - su
c345816b-5d72-5ea7-b976-b5c33ae9516e,KIMYA,Bir öğrenci laboratuvarda deney yaparak bir X tuzunun 25°C'de sudaki çözünürlüğünü öğrenmek istiyor. Bunun için önce boş bir kaba 25°C'de 250 gram su koyuyor. Sonra suya 180 gram X tuzu ilave edip karıştırıyor. Daha sonra oluşan çözeltiyi süzdüğünde süzgeç kağıdında 30 gram X tuzu olduğunu tespit ediyor. Deney sırasında sıcaklık değişmediğine göre bu öğrencinin X tuzunun çözünürlüğü kaç g / 100 g su olarak bulması gerekir?,36,40,54,60,72
d03696fb-52d1-516a-88fb-b1a15b626cd0,KIMYA,"Sıvı hâlde bulunan aşağıdaki maddelerden üç ayrı kapta $100'er \ mL$ yer almaktadır.
I. kap: $CH_3OH$ (metanol)
II. kap: $CCl_4$ (karbon tetraklorür)
III. kap: $C_6H_6$ (benzen)
Daha sonra her bir kaba aynı koşullarda $100'er \ mL$ saf su ilave edilmiştir.
Buna göre kaplardan hangilerinde homojen bir karışım oluşur?
(Su ve metanol polar, karbon tetraklorür ve benzen apolar moleküllerdir.)",Yalnız I,Yalnız II,Yalnız III,I ve II,II ve III
cde6b4cd-b0bd-51c8-be39-99c5140a5665,KIMYA,"Sürdürülebilirlik; toplum, ekosistem ya da devam eden herhangi bir sistemin ana kaynaklarını tüketmeden belirsiz bir geleceğe dek işlevini sürdürmesidir.
Buna göre, sürdürülebilir kalkınma için aşağıdaki enerji kaynaklarının hangisinin kullanımı uygun değildir?",Güneş,Hidrojen,Jeotermal,Fosil yakıtlar,Biyokütle
a285f4e6-62d0-57fc-90bb-01da125af436,KIMYA,"X karışımı ile ilgili aşağıdaki bilgiler veriliyor.
• Dağıtan maddenin fiziksel hali sıvıdır.
• Heterojen yapıdadır.
• Dağılan maddenin fiziksel hali sıvıdır.
Buna göre, X karışımının türü için aşağıdakilerden han-gisi doğrudur?",Süspansiyon,Emülsiyon,Aerosol,Çözelti,Kolloit
a2aa8416-fd04-5b23-9ce7-2c23136356a6,KIMYA,"I. 2 mol C atomu içeren $CH_4$
II. 2 mol H atomu içeren $CH_4$
III. 5 mol atom içeren $CH_4$
Yukarıda verilen maddelerin molekül sayıları arasındaki ilişki aşağıdakilerden hangisinde doğru verilmiştir?",I > II = III,I > III > II,I > II > III,III > I = II,III > II > I
77c3e6d6-c3f9-5733-9d65-4115b45c5d63,KIMYA,"Günlük hayatımızın vazgeçilmezi olan cep telefonları, dizüstü bilgisayarlar gibi elektronik cihazlar pille çalışır.
Bu cihazlarda tükenen pillerin çöpe atılması ile ilgili,
I. Çevreye ve insan sağlığına zarar verir.
II. Ömrü tükenmiş piller özel toplama kutularına atılmalıdır.
III. Doğaya atılan piller toprağı ve suyu kirletir.
yargılarından hangileri doğrudur?",Yalnız I,Yalnız II,Yalnız III,II ve III,"I, II ve III"
f739da0c-cd23-5be5-bb9f-789321058af9,KIMYA,Günlük hayatta sıkça kullanılan temizlik maddeleri ile ilgili aşağıdaki ifadelerden hangisi yanlıştır?,"Sabun, çevreci olup insan sağlığını tehdit etmez.","Deterjan, petrol ve türevlerinden elde edildiği için çevre kirliliğine neden olur.",Lavabolara tıkanan yağları açmak için NaOH kullanılabilir.,Kireç kaymağı ($Ca(OCl)_2$) havuz suyunu dezenfekte etmek için kullanılabilir.,Banyo ve tuvalet temizliğinde mikropları öldürmek için tuz ruhu ile çamaşır suyu birlikte kullanılmalıdır.
1f579166-afdc-5adc-a4de-9f7a77dddf49,KIMYA,"Emülsiyon karışımlarla ilgili,
I. Sıvı - sıvı homojen karışımlardır.
II. Tamamı kolloidal yapıdadır.
III. Alkol - su bu karışımlara örnektir.
yargılarından hangileri yanlıştır?","I, II ve III",I ve II,I ve III,II ve III,Yalnız III
0a6825ca-2d6b-50fb-b72f-a38c9d717d77,KIMYA,"I. Flotasyon
II. Ayırma hunisi
III. Süzme
IV. Dekantasyon
Yukarıda verilen ayırma yöntemlerinden hangileri katı - sıvı karışımları ayırmak için kullanılmaz?",Yalnız I,Yalnız II,I ve II,II ve IV,"II, III ve IV"
7a454c1b-1f1f-5a80-be41-c1bbddc306e7,KIMYA,Aşağıda verilenlerden hangisi su tasarrufu için yapılması gerekenlerden değildir?,Diş fırçalarken musluğu kapatmalıyız.,Duş süresini kısaltmalıyız.,Çamaşır ve bulaşık makinelerini tam doldurmadan çalıştırmamalıyız.,Bulaşıkları makine yerine elde yıkamalıyız.,Damlayan muslukları tamir etmeliyiz.
e0f753ed-76a1-5143-a01c-b87e2de757d0,KIMYA,"Bazı öğrencilerin yapmayı sevdiği şeyler ile ilgili şu bilgiler veriliyor:
• Orçun, müsait olduğu zamanlarda ağaç dikerek yeşil alanların artırılması için uğraşıyor.
• Ali, araba tutkunu olduğu için benzinli spor arabalarıyla Bağdat Caddesi'nde tur atmaya bayılıyor.
• Zeynep, sıcak havalarda evde ve arabada sürekli klima kullanmayı seviyor.
Buna göre, bu öğrencilerden hangilerinin yapmayı sevdiği şey çevre kirliliğini artırır?",Orçun,Ali,Zeynep,Ali ve Zeynep,Orçun ve Ali
61f3f793-1f90-5c31-93bb-2ef8564e9f0e,KIMYA,"I. Fosil yakıtların giderek azalması ve çevreye zararları temiz enerji kaynaklarına olan ihtiyacı artırmıştır.
II. Temiz enerji kullanımı arttıkça sera etkisi gibi olumsuzluklar azalacaktır.
III. Temiz enerji kaynakları çoğunlukla hammadde gerektirmez.
Yukarıdaki ifadelerden hangileri doğrudur?",Yalnız II,Yalnız III,I ve III,II ve III,"I, II ve III"
f0abf63d-65f6-5d00-a125-276abd167b1b,KIMYA,"Fosil yakıtlar ile ilgili,
I. Oluşmaları milyonlarca yıl sürer.
II. Tamamı doğrudan kullanılabilir.
III. Alternatif enerji kaynağıdır.
yargılarından hangileri doğrudur?",Yalnız I,Yalnız II,Yalnız III,I ve II,"I, II ve III"
51af1f74-1a9a-54f9-8fbd-666b24f27254,KIMYA,"Nanoteknolojinin sağlık alanındaki uygulamalarına;
I. İnsan DNA'sını onaran nano robotların üretimi,
II. bağışıklık sisteminin güçlendirilmesi,
III. güvenlik amaçlı kapı sensörlerinin geliştirilmesi
yukarıdakilerden hangileri örnek verilebilir?",Yalnız I,Yalnız II,I ve II,II ve III,"I, II ve III"
241fdbd3-f931-502c-98b0-63ba52c18b0f,KIMYA,"Son dönemde nanoteknoloji ile ilgili yapılan çalışmalar; nano boyutlu malzeme, aygıt ve sistemlerin üretimi üzerine yoğunlaşmıştır.
Buna göre, aşağıdakilerden hangisi nanoteknoloji ile gelecekte yapılabilecek çalışmalara örnek verilemez?",Mikroskobik boyutlarda bilgisayar üretilmesi,Bir milyon sinema filmi alabilen CD ve DVD'ler üretilmesi,İnsan vücudundaki hastalıklı dokuyu bulup iyileştiren nano robotlar yapılması,Birim ağırlık başına su ankinden 50 kat daha ağır malzeme üretilmesi,Ek nano hafızalarla insan beyninin kapasitesinin güçlendirilmesi
5be995d3-790f-5f52-9387-db6dccb79ff3,KIMYA,"Nanoteknoloji ile ilgili, I. Bir maddenin kristal düzeni ve yapı hataları anlaşılabilir. II. Fullerenler, nanoteknoloji çalışmaları içerisinde yer alır. III. Nanoteknoloji ile atık maddeler, molekül ve atomlarına ayrılarak daha kullanışlı ve yararlı yeni maddelere dönüştürülebilir. yargılarından hangileri doğrudur?",Yalnız II,Yalnız III,I ve II,I ve III,"I, II ve III"
2bcc201e-9ee7-5837-963c-67d71edf14a1,KIMYA,Aşağıdakilerden hangisi fiziksel görünümlerine göre kozmetiklerin sınıflandırılmasında yer almaz?,Toz ürünler,Süspansiyonlar,Emülsiyonlar,Mum kıvamında ürünler,Dispers sistemler
f94c4c82-d29d-589c-9f76-3938f0bc0e78,KIMYA,Aşağıda verilen karışım ve ayırma yöntemlerinden hangisi yanlıştır?,Tebeşir tozu - su 	Süzme,Un + kepek 	Eleme,Şekerli su 	Süzme,Kan 	Diyaliz,Tozlu hava 	Süzme
fe5666a9-1520-5f3d-84c7-925c00f113b8,KIMYA,"Saç ve cilt temizleme karışımı olarak kullanılan şampuanların içerisinde,
I. pH düzenleyiciler
II. Nemlendiriciler
III. Akışkanlık sağlayıcılar
IV. Koruyucular
verilenlerden hangileri bulunabilir?",I ve II,"I, II ve III","I, II ve IV","II, III ve IV","I, II, III ve IV"
6acc2cb6-3417-5a24-ac47-51ce9c976e06,KIMYA,"Tarım atıkları, orman sektörü organik atıklar, hayvansal atıklar veya şehir atık sularının oksijensiz ortamda çürütülerek çeşitli su bitkileri gibi canlı kaynaklar yolu ile elde edilen enerji türüne biyokütle enerjisi denir.
Buna göre, biyokütle enerjisi ile ilgili aşağıdakilerden hangisi yanlıştır?",Doğal enerji kaynaklarının ve çevrenin korunmasına yardımcı olur.,Sürdürülebilir enerjiye ve kalkınmaya destek olur.,"Kullanımı, taşınması ve depolanması zordur.",Kırsal kesimin sosyo-ekonomik yapısının iyileşmesine katkı sağlar.,Enerji tarımının gelişmesini sağlar.
87a9048c-363b-5428-84d7-62bab58baeac,KIMYA,"Amorf katılar ile ilgili, I. Mum ve plastik bu katı türüne ait örneklerdendir. II. Bu katıların yumuşamaya başladığı sıcaklığa camsı geçiş sıcaklığı denir. III. Belirli erime noktaları yoktur. Yukarıdaki ifadelerden hangileri doğrudur?",Yalnız I,Yalnız III,I ve II,II ve III,"I, II ve III"
91422cea-1e3d-5ceb-9a5e-80ccf4b9b241,KIMYA,"• Ham madde ihtiyacı azalır.
• Çevre kirliliği azalır.
• Yeni iş olanakları sağlar.
• Enerji tasarrufu sağlanır.
• Doğal kaynakların verimli kullanılmasını sağlar.
Yukarıdakilerden kaç tanesi geri dönüşümün ülke ekonomisine ve çevreye katkıları arasındadır?",1,2,3,4,5
0e8d2bed-65d9-513a-afb0-b325d35e435c,KIMYA,Maddenin hâl değişimleriyle ilgili aşağıdaki ifadelerden hangisi yanlıştır?,Sıvı hâlden katı hâline geçmeye donma denir.,Sıvı hâlden gaz hâline geçmeye buharlaşma denir.,Gaz hâlden doğrudan katı hâline geçmeye yoğunlaşma denir.,Katı hâlden doğrudan gaz hâline geçmeye süblimleşme denir.,Katı hâlden sıvı hâline geçmeye erime denir.
1648cfd1-e073-5ede-a817-2d1476c05d78,KIMYA,"Aşağıda verilenlerden hangisi yanlıştır?
A) LNG büyük oranda metan ($CH_4$) gazından oluşur.
B) Gaz fazındaki LPG ve LNG yüksek basınç düşük sıcaklıkta sıvılaşır.
C) Havadan azot ve oksijen gaz eldesi ayrımsal damıtma yöntemiyle gerçekleşir.
D) Soğutucu akışkan olarak kullanılan maddelerin $t_s$ (sınırda sıvılaştırılabilmesi) ve üzerindeki basınç kaldırıldığında tekrar buhar haline geçmesi gerekir.
E) İtici gaz olarak CFC (kloroflorokarbon) kullanılması uygundur.",A,B,C,D,E
d02ee25e-f2fe-5077-9741-c68cec234737,KIMYA,Kütlece %30'luk 300 g tuzlu su içerisinde kaç gram çözünmüş tuz bulunur?,10,30,60,90,120
1b7a84df-740c-556e-84ee-0659ee07902a,KIMYA,"Sürdürülebilir kalkınma için,
I. Doğal ekosistemin korunması
II. Geri dönüşüm teknolojilerinin geliştirilmesi
III. Enerji tüketiminin kontrolsüzleştirilmesi
hangilerinin yapılması gereklidir?",Yalnız I,Yalnız II,Yalnız III,I ve II,"I, II ve III"
c993bb68-84c6-5412-9018-292c2e90f885,KIMYA,Kimya ve simya ile ilgili aşağıdaki açıklamalardan hangisi yanlıştır?,Kimyada teoriler deney sonuçları ile ilişkilendirilerek test edilir.,Simya döneminde bulunan bazı kimyasal maddeler günümüzde de kullanılmaktadır.,Simyada sınama - yanılma yöntemi kullanılır.,Simyada sistematik bilgi birikimi sağlayan deneysel çalışmalar yapılmıştır.,"Kimya, maddelerin yapısını ve özelliklerini inceleyen bir bilim dalıdır."
08810009-51e5-51cd-8c1f-15448715f89a,KIMYA,"Avrupa Birliği gıda katkı maddelerini kısa yoldan göstermek için bir kodlama sistemi geliştirmiştir. Bu kodlama sistemin-deki bazı kod numaraları ve bu koda sahip gıda katkı mad-delerinin temel işlevleri şu şekildedir:
Buna göre;
I. ...... görünümüne çekicilik kazandırır.
II. ...... raf ömrünü uzatarak gıdanın oksitlenmesini ön-ler.
III. ...... tüketen canlıyı hastalıklardan korur.
cümlelerdeki boşluklara tabloda verilen kod aralıkların-dan hangileri getirilmelidir?","I: E100-E199, II: E700-E899, III: E200-E399","I: E100-E199, II: E200-E399, III: E700-E899","I: E200-E399, II: E100-E199, III: E700-E899","I: E200-E399, II: E700-E899, III: E100-E199","I: E700-E899, II: E100-E199, III: E200-E399"
