method	path	tag	operationId	body_tenant_hint
POST	/api/v1/berturk/motivation/assess	BERTurk NLP	assess_student_motivation_api_v1_berturk_motivation_assess_post	student_id
POST	/api/v1/billing/webhook	Billing	billing_webhook_api_v1_billing_webhook_post	user_id
POST	/api/v1/compliance/coppa/parental-consent	FERPA/COPPA Compliance	request_coppa_parental_consent_api_v1_compliance_coppa_parental_consent_post	child_id,parent_id
POST	/api/v1/compliance/ferpa/consent	FERPA/COPPA Compliance	request_ferpa_consent_api_v1_compliance_ferpa_consent_post	parent_id,student_id
POST	/api/v1/eba-tv/recommendations	EBA TV	get_eba_recommendations_api_v1_eba_tv_recommendations_post	student_id
POST	/api/v1/enhanced-chat/message	chat	send_message_api_v1_enhanced_chat_message_post	student_id
POST	/api/v1/enhanced-chat/stream	chat	stream_message_api_v1_enhanced_chat_stream_post	student_id
POST	/api/v1/irt-morfoloji/recommend-questions	IRT Morfoloji	recommend_questions_for_student_api_v1_irt_morfoloji_recommend_questions_post	student_id
POST	/api/v1/learning-path/adapt-path	Learning Path	adapt_learning_path_api_v1_learning_path_adapt_path_post	student_id
POST	/api/v1/learning-path/assess-knowledge	Learning Path	assess_knowledge_api_v1_learning_path_assess_knowledge_post	student_id
PUT	/api/v1/learning-path/completion/{student_id}	Learning Path	update_completion_status_api_v1_learning_path_completion__student_id__put	student_id
POST	/api/v1/learning-path/create-path	Learning Path	create_learning_path_api_v1_learning_path_create_path_post	student_id
POST	/api/v1/learning-path/quiz/{quiz_id}/submit	Learning Path	submit_quiz_api_v1_learning_path_quiz__quiz_id__submit_post	student_id
POST	/api/v1/learning-style/behavioral-data/{student_id}	Í­renme Stili	update_behavioral_data_api_v1_learning_style_behavioral_data__student_id__post	student_id
POST	/api/v1/learning-style/questionnaire/{student_id}	Í­renme Stili	submit_questionnaire_api_v1_learning_style_questionnaire__student_id__post	student_id
POST	/api/v1/live-sessions/{session_id}/chat	live-sessions	send_chat_message_api_v1_live_sessions__session_id__chat_post	recipient_id
POST	/api/v1/manipulatives/geogebra/activity	manipulatives	record_geogebra_activity_api_v1_manipulatives_geogebra_activity_post	user_id
POST	/api/v1/manipulatives/geometry/tool-usage	manipulatives	record_geometry_tool_usage_api_v1_manipulatives_geometry_tool_usage_post	user_id
POST	/api/v1/manipulatives/tangram/puzzle	manipulatives	record_tangram_puzzle_api_v1_manipulatives_tangram_puzzle_post	user_id
POST	/api/v1/math-solution-steps/check-answer	Math Solution Steps	check_answer_api_v1_math_solution_steps_check_answer_post	student_id
POST	/api/v1/moderation/actions	Moderation	create_action_api_v1_moderation_actions_post	target_user_id
POST	/api/v1/moderation/reports	Moderation	create_report_api_v1_moderation_reports_post	reported_user_id
POST	/api/v1/parent/notifications	parent	create_notification_api_v1_parent_notifications_post	child_id
POST	/api/v1/recommendations/	recommendations	get_recommendations_api_v1_recommendations__post	user_id
POST	/api/v1/recommendations/interaction	recommendations	record_interaction_api_v1_recommendations_interaction_post	user_id
POST	/api/v1/revolutionary-features/zpd-maarif/revolutionary/calculate	Revolutionary Features	calculate_revolutionary_zpd_api_v1_revolutionary_features_zpd_maarif_revolutionary_calculate_post	student_id
POST	/api/v1/revolutionary-features/zpd-maarif/revolutionary/cultural-context	Revolutionary Features	detect_cultural_context_api_v1_revolutionary_features_zpd_maarif_revolutionary_cultural_context_post	student_id
POST	/api/v1/revolutionary-features/zpd-maarif/revolutionary/recommend	Revolutionary Features	generate_revolutionary_recommendation_api_v1_revolutionary_features_zpd_maarif_revolutionary_recommend_post	student_id
POST	/api/v1/sync/progress	PWA Sync	sync_progress_api_v1_sync_progress_post	userId
POST	/api/v1/turkish-nlp-chat/context/manage	Turkish NLP Chat	manage_conversation_context_api_v1_turkish_nlp_chat_context_manage_post	student_id
POST	/api/v1/turkish-nlp-chat/message	Turkish NLP Chat	send_chat_message_api_v1_turkish_nlp_chat_message_post	student_id
POST	/api/v1/turkish-nlp-chat/step-by-step-solution	Turkish NLP Chat	generate_step_by_step_solution_api_v1_turkish_nlp_chat_step_by_step_solution_post	student_id
POST	/api/v1/zpd-maarif/hesapla	ZPD Maarif	hesapla_zpd_api_v1_zpd_maarif_hesapla_post	ogrenci_id
POST	/api/v1/zpd-maarif/optimize	ZPD Maarif	optimize_zpd_api_v1_zpd_maarif_optimize_post	ogrenci_id
PUT	/api/v1/zpd-maarif/profil/kulturel/{ogrenci_id}	ZPD Maarif	update_kulturel_profil_api_v1_zpd_maarif_profil_kulturel__ogrenci_id__put	ogrenci_id
PUT	/api/v1/zpd-maarif/profil/maarif/{ogrenci_id}	ZPD Maarif	update_maarif_profili_api_v1_zpd_maarif_profil_maarif__ogrenci_id__put	ogrenci_id
POST	/api/v1/zpd-maarif/revolutionary/adapt-difficulty	ZPD Maarif	adapt_difficulty_culturally_api_v1_zpd_maarif_revolutionary_adapt_difficulty_post	student_id
POST	/api/v1/zpd-maarif/revolutionary/calculate	ZPD Maarif	calculate_revolutionary_zpd_api_v1_zpd_maarif_revolutionary_calculate_post	student_id
POST	/api/v1/zpd-maarif/revolutionary/cultural-context	ZPD Maarif	detect_cultural_context_api_v1_zpd_maarif_revolutionary_cultural_context_post	student_id
POST	/api/v1/zpd-maarif/revolutionary/cultural-patterns	ZPD Maarif	monitor_cultural_patterns_api_v1_zpd_maarif_revolutionary_cultural_patterns_post	student_id
POST	/api/v1/zpd-maarif/revolutionary/learning-balance	ZPD Maarif	get_learning_balance_api_v1_zpd_maarif_revolutionary_learning_balance_post	student_id
POST	/api/v1/zpd-maarif/revolutionary/recommend	ZPD Maarif	generate_revolutionary_recommendation_api_v1_zpd_maarif_revolutionary_recommend_post	student_id
POST	/api/v2/cat/start	Question Bank v2.0	start_cat_session_api_v2_cat_start_post	student_id
POST	/api/v2/knowledge-graph/recommendations	Question Bank v2.0	get_question_recommendations_api_v2_knowledge_graph_recommendations_post	student_id
