id	book	page	db_q_no	crop_q_no	similarity	crop_file	db_text_preview	ocr_text_preview	verdict
87eee7ce-b5fd-5927-b0b5-7faa51584280	Cap Tyt Fizik Soru Bankası 2023 2024	285	11	2	0.585	Cap_Tyt_Fizik_Soru_Bankası_2023_2024_p0285_q02.png	Serdar Öğretmen, öğrencilerine küresel aynalar ile mercek-leklerde oluşan görüntülerin sanal ya da g	Serdar Öğretmen, öğrencilerine küresel aynalar ile merceklerde oluşan görüntülerin sanal ya da gerçe	ok
d5c91bce-3f29-5ed6-9bb6-a25948c1db38	2023-2024-ACİL-TYT-AYT Geometri Soru Bankası	59	14	4	0.537	2023-2024-ACİL-TYT-AYT_Geometri_Soru_Bankası_p0059_q04.png	ABC üçgeninde boyalı BDA üçgeni $[AD]$ boyunca katlandığında B noktasının yeni yeri B' olmaktadır. G	ABC üçgeninde boyalı BDA üçgeni [AD] boyunca katlandığında B noktasının yeni yeri B' olmaktadır.  G,	ok
8db8535e-7b71-56ee-b792-5d372786858a	2019-2020-ACİL-AYT-Matematik Soru Bankası	250	14	3	0.582	2019-2020-ACİL-AYT-Matematik_Soru_Bankası_p0250_q03.png	Aşağıda bir örüntünün ilk üç adımı verilmiştir. $n > 1$ olmak üzere, $n$. adımda bulunurken, $(n-1)$	Aşağıda bir örüntünün ilk üç adımı verilmiştir.  [Resim açıklaması: 1. adımda saat yönünde 2, 1, 2, 	ok
bafb105a-cea9-51f5-b2c8-fd5a358b3983	Fizipedia Ayt Fizik Soru Bankası 2025	68	6	1	0.686	Fizipedia_Ayt_Fizik_Soru_Bankası_2025_p0068_q01.png	Hava sürtünmesinin önemsenmediği bir ortamda K, L ve M cisimleri K serbest bırakıldığı anda L ve M c	6. Hava sürtünmesinin önemsenmediği bir ortamda K, L ve M cisimlerinden K serbest bırakıldığında ve 	ok
e26972ba-c88e-5183-af8d-0751bd5c562f	Orijinal-2025-Tyt-Matematik Porblemler	189	6	3	0.529	Orijinal-2025-Tyt-Matematik_Porblemler_p0189_q03.png	Aşağıda bir marketin sattığı ürünler ve bu ürünlerden elde edilen gelirlere ait tablo verilmiştir. T	Aşağıda bir marketin sattığı ürünler ve bu ürünlerden elde edilen gelirler ile tablo verilmiştir.  |	ok
867558a9-0266-5607-9ca6-d53650dcb15f	345 2025 Tyt Biyoloji Soru Bankası	29	11	3	0.512	345_2025_Tyt_Biyoloji_Soru_Bankası_p0029_q03.png	Bütün proteinlerin yapı taşları olan amino asitlerin genel yapısı aşağıdaki şekilde gösterilmiştir. 	Bütün proteinlerin yapı taşları olan amino asitlerin genel yapısı aşağıdaki şekilde gösterilmiştir. 	ok
e35ef67b-8b23-5db8-b5a2-681857e32b51	Full Matematik-Tyt-Matematik Soru Bankası	19	7	1	0.586	Full_Matematik-Tyt-Matematik_Soru_Bankası_p0019_q01.png	$n$ doğal sayı ve $p$ asal sayısı için, $p = 4n+1$ eşitliği sağlanıyorsa $p$ sayısına Hilbert asalı 	n doğal sayısı ve p asal sayısı için, p = 4n + 1 koşulu sağlanıyorsa p sayısına Hilbert asalı denir.	ok
d3b94b97-ba66-5583-b10b-75c22a3694f5	2023-2024-ACİL-TYT-Matematiğin İlacı	85	11	4	0.545	2023-2024-ACİL-TYT-Matematiğin_İlacı_p0085_q04.png	Şekildeki araç AO doğrultusunda ilerlerken, A noktasında ani bir fren yapıp K ile O arasında durmuşt	Şekildeki araç AO doğrusu üzerinde ilerlerken, A noktasında ani fren yapıp K ile O arasında durmuştu	ok
8fc2b9c2-cada-5638-a3e6-f2a7451788e2	Esen Yks Motivasyon Fizik Testleri	71	5	2	0.556	Esen_Yks_Motivasyon_Fizik_Testleri_p0071_q02.png	Açık hava basıncının $P_0$ olduğu bir ortamda özkütlesi $d$ olan sıvıya batırılmış bir tüpün havası 	Açık hava basıncının Pa olduğu bir ortamda özkütlesi d olan sıvıya batırılmış bir tüpün havası bir m	ok
45ab365c-68bc-5e2d-adff-00ed2ae32fc7	2023-2024-ACİL-TYT Matematik Soru Bankası	12	7	2	0.595	2023-2024-ACİL-TYT_Matematik_Soru_Bankası_p0012_q02.png	Yukarıda $-20^{\circ}C$'den $40^{\circ}C$'ye kadar sıcaklık ölçebilen bir termometre sırasıyla A, B 	A odasında yapılan ölçüm B odasında yapılan ölçüm C odasında yapılan ölçüm  Yukarıda -20°C den 40°C 	ok
c036c7f4-589b-5ba6-8352-c6a54cfcb90e	CAP-2023-2024-AYT-Matematik Soru Bankası	384	17	2	0.583	CAP-2023-2024-AYT-Matematik_Soru_Bankası_p0384_q02.png	Bir top labirente atıldığında herhangi bir yöne gitme olasılığı eşittir. Top atıldığında B'den düşme	Bir top labirente atıldığında herhangi bir yöne gitme olasılığı eşittir.  Top atıldığında B den düşm	ok
4c69cea4-d7e8-5e46-b5d9-1790bdcb5ef2	Fizipedia Ayt Fizik Soru Bankası 2025	28	6	1	0.662	Fizipedia_Ayt_Fizik_Soru_Bankası_2025_p0028_q01.png	Akıntı hızı verilen yönde yere göre $2 \text{ m/s}$ büyüklüğünde olduğu şekildeki nehirde akıntıyla 	Akıntı hızının verilen yönde yere göre 2 m/s büyüklüğünde olduğu şekildeki nehirde akıntıyla birlikt	ok
2d891641-5efa-56a4-b06b-41133eb3a25d	Esen Apt Ayt Fizik 2025	99	7	2	0.506	Esen_Apt_Ayt_Fizik_2025_p0099_q02.png	Gaz fazında ve iki adımda gerçekleşen $H_2(g) + 2IBr(g) \to I_2(g) + 2HBr(g)$ tepkimesinin yavaş ola	Gaz fazında ve iki adımda gerçekleşen $$H_2(g) + 2IBr \longrightarrow I_2 + 2HBr$$ tepkimesinde yava	ok
c3c3f27a-3ab2-5dae-a4cd-64f3cbd315a7	Bilgi Sarmalı-2025-Tyt Ayt-Geometri Soru Bankası	220	6	3	0.69	Bilgi_Sarmalı-2025-Tyt_Ayt-Geometri_Soru_Bankası_p0220_q03.png	Aşağıda, dikey bir şekilde açılıp kapanabilen dikdörtgen biçimindeki bir garaj kapısının iki farklı 	Aşağıda, dikey bir şekilde açıp kapatabilen dikdörtgen biçimindeki garaj kapısının iki farklı durumu	ok
89c936d6-fbdb-58b5-8cb5-a83289aab7e0	2023-2024 ACİL- AYT Matematik Soru Bankası	72	8	3	0.556	2023-2024_ACİL-_AYT_Matematik_Soru_Bankası_p0072_q03.png	Aşağıdaki dik koordinat düzleminde verilen $d$ doğrusu, $f(x)=x^2-4$ parabolüne $A$ noktasında teğet	Aşağıdaki dik koordinat düzleminde verilen d doğrusu, f(x) = x² + 4 parabolüne A noktasında teğettir	unclear
d74acf06-35e4-5df0-ada5-6d48e191083c	C1CELL-2024-TYT-AYT-Geometri Soru Bankası	307	11	3	0.553	C1CELL-2024-TYT-AYT-Geometri_Soru_Bankası_p0307_q03.png	O merkezli OAB, OCD ve OEF daire dilimleri, $m(\widehat{AOB})=40^\circ$, $|OC|=16$ br, $|AC|=6$ br. 	O merkezli OAB, OCD ve OCE daire dilimleri m(ÂOB) = 40° |OC| = 16 br |AC| = 6 br  Yeşil boyalı bölge	unclear
451ad34b-13a0-52de-b3e6-86825f18f2e2	Bilgi Sarmalı Ayt 2024 Fizik Soru Bankası	79	5	2	0.576	Bilgi_Sarmalı_Ayt_2024_Fizik_Soru_Bankası_p0079_q02.png	2 kg, 1 kg, 2 kg kütleli cisimlerle kurulan şekildeki sürtünmesiz sistem serbest bırakıldığında ip g	2 kg, 1 kg, 2 kg kütleli cisimlerle kurulan şekildeki sürtünmesiz sistem serbest bırakıldığında ip g	ok
5bee939c-3990-54c5-8a7f-b63934f23ea6	Mikro-2024-Tyt Ayt-Geometri Soru Bankası	363	7	1	0.607	Mikro-2024-Tyt_Ayt-Geometri_Soru_Bankası_p0363_q01.png	[AC] çaplı yarım çember [EB] çaplı yarım çembere D, AB doğrusuna A noktasında teğettir. $|AC|=18$ cm	[AC] çaplı yarım çember [EB] çaplı yarım çembere D, AB doğrusuna A noktasında teğettir. |AC| = 18 cm	ok
5ad7752c-3b17-53a3-b37e-52edb5bc14b2	2019-2020-ACİL-TYT-Soru Bankası	116	7	4	0.683	2019-2020-ACİL-TYT-Soru_Bankası_p0116_q04.png	Aşağıda doğrusal d yolunda hareket eden iki aracın hareketinin sayı doğrusunda modellenişi gösterilm	7. Aşağıda doğrusal d yolunda hareket eden iki aracının hareketinin sayı doğrusunda modellenmesi gös	ok
1a2704c9-e9ac-5f96-bbbd-c9a89da0343f	2023-2024 ACİL- AYT Matematik Soru Bankası	261	10	4	0.522	2023-2024_ACİL-_AYT_Matematik_Soru_Bankası_p0261_q04.png	Yukarıda, $y=f(x)$ fonksiyonunun grafiği verilmiştir. Buna göre, $\lim_{x \to (-2)^+} f(-x) + \lim_{	Yukarıda, y = f(x) fonksiyonunun grafiği verilmiştir. Buna göre, $$ \lim_{x \to (-2)^{-}} f(-x) + \l	unclear
0a73ffdd-51a1-561c-8f90-474bef9943f0	Full Matematik-2022-2023-Tyt Ayt-Geometri Soru Ban	57	5	1	0.609	Full_Matematik-2022-2023-Tyt_Ayt-Geometri_Soru_Bankası_p0057_q01.png	Aşağıdaki başlangıç noktaları çakışık ve $10 \text{ cm}$, $16 \text{ cm}$ uzunluğunda iki kolu olan 	Aşağıdaki başlangıç noktaları çakışık ve 10 cm, 16 cm uzunluğunda iki kollu bir pergel gösterilmişti	ok
4ae22a62-1180-5fa5-a4b4-3418a109aa0a	Mikro Orijinal-2024-Ayt-Matematik Soru Bankası	246	10	3	0.559	Mikro_Orijinal-2024-Ayt-Matematik_Soru_Bankası_p0246_q03.png	Dik koordinat düzleminde gerçel sayılar kümesi üzerinde tanımlı $f$ fonksiyonunun grafiği verilmişti	Dik koordinat düzleminde reel sayılar kümesi üzerinde tanımlı f fonksiyonunun grafiği verilmiştir.  	ok
2c351e0d-6208-5b7f-b90e-284ea5acc923	Egsersiz Tyt Fizik Soru Bankası 2021	190	7	3	0.621	Egsersiz_Tyt_Fizik_Soru_Bankası_2021_p0190_q03.png	Özdeş dirençler ve ideal $A_1, A_2, A_3$ ampermetreleri üretece şekildeki gibi bağlanmıştır. Buna gö	Özdeş dirençler ve ideal A1, A2, A3 ampermetreleri üretece şekli gibi bağlanmıştır.  Buna göre, A1, 	ok
8f274e1c-6fb1-5e3e-bfa8-21bdabc425dd	Bilgi Sarmalı Tyt 2024 Fizik Soru Bankası	108	6	4	0.681	Bilgi_Sarmalı_Tyt_2024_Fizik_Soru_Bankası_p0108_q04.png	$d_K$ ve $d_L$ özkütleli maddelerden yapılmış ve içlerinde boşluk bulunan K ve L cisimleri bir iple 	dK ve dL özkütleli maddelerden yapılmış ve içlerinde boşluk bulunan K ve L cisimlerini bir iple bağl	ok
18374b62-6562-57d8-9727-9dbf7e2bb60a	2019-2020-ACİL-AYT-Matematik Soru Bankası	363	11	2	0.519	2019-2020-ACİL-AYT-Matematik_Soru_Bankası_p0363_q02.png	Yukarıda, $y = f(x)$ fonksiyonunun grafiği verilmiştir. Buna göre, $x \cdot f(x) \le 0$ eşitsizliğin	Yukarıda, y = f(x) fonksiyonunun grafiği verilmiştir.  Buna göre, x · f'(x) ≤ 0 eşitsizliğini sağlay	unclear
67ed11ef-f71a-5929-b03b-53942fa82c57	Apotemi 2019 2020 Tyt Ayt Fizik Soru Bankası	360	7	4	0.524	Apotemi_2019_2020_Tyt_Ayt_Fizik_Soru_Bankası_p0360_q04.png	Düşey kesiti verilen sistemde P noktasal cisim sabit $v$ hızıyla şekildeki gibi ilerlerken $G_1$ ve 	Düşey kesiti verilen sistemde P noktasal cisim sabit v hızıyla şeklideki gibi ilerlerken G₁ ve G₂ no	ok
2b457d69-cd70-5af1-bed1-b6aa17d5fe38	Bilgi Sarmalı-2023-2024-Ayt-Matematik Soru Bankası	19	12	5	0.667	Bilgi_Sarmalı-2023-2024-Ayt-Matematik_Soru_Bankası_p0019_q05.png	A'dan B'ye tanımlanabilecek fonksiyonların kaç tanesinde $f(1) > f(2)$ dir?	A'dan B'ye tanımlanabilecek fonksiyonların kaç tanesinde f(1) > f(2) dir?	ok
d5d5f125-cd7b-5b57-b57b-3783bd4a656c	Esen Apt Ayt Fizik 2025	59	10	3	0.698	Esen_Apt_Ayt_Fizik_2025_p0059_q03.png	Aşağıda bir miktar tuz çözünerek 1 atm basınç altında hazırlanan bir çözeltiye ait sıcaklık-zaman gr	Aşağıda bir miktar tuz çözünerek 1 atm basınç altında hazırlanan bir çözeltiye ait sıcaklık-zaman gr	ok
d131b038-3809-5966-8c79-7da0391c4c12	CAP-2022-2023-TYT AYT-Geometri Soru Bankası	244	7	3	0.652	CAP-2022-2023-TYT_AYT-Geometri_Soru_Bankası_p0244_q03.png	ABCD kare Çemberler eş olup birbirlerine ve kareye teğet $|AB|=12$ cm Yukarıdaki verilere göre, çemb	ABCD kare Çemberler eş olup birbirlerine ve köşelere teğet |AB| = 12 cm  Yukarıdaki verilere göre, ç	unclear
c80690d5-95e7-5a7a-91ca-d6107e488411	Egsersiz Tyt Fizik Soru Bankası 2021	102	8	3	0.689	Egsersiz_Tyt_Fizik_Soru_Bankası_2021_p0102_q03.png	Özdeş X, Y ve Z cisimleri düşey kesitleri verilen düzeneklerin K, L ve M noktalarından $v$ büyüklüğü	Özdeş X, Y ve Z cisimleri düzey kesitleri verilen düzlemler K, L ve M noktalarından v büyüklüğündeki	ok
1eefd7c2-44d2-59a7-a32a-90cdabceb62c	Bilgi Sarmalı-2025-Tyt Ayt-Geometri Soru Bankası	216	5	1	0.6	Bilgi_Sarmalı-2025-Tyt_Ayt-Geometri_Soru_Bankası_p0216_q01.png	Aşağıdaki şekilde ABCD dikdörtgeni 10 eş dikdörtgene ayrılmıştır. Daha sonra bu dikdörtgenler aşağıd	Aşağıdaki şekilde ABCD dikdörtgenini 10 eş dikdörtgene ayırmıştır.  Daha sonra bu dikdörtgenler aşağ	ok
d5e9d27c-ff33-5cd3-baac-1545bb50c62a	Bilgi Sarmal 2024 Tyt Kimya Soru Bankasi	274	6	1	0.657	Bilgi_Sarmal_2024_Tyt_Kimya_Soru_Bankasi_p0274_q01.png	Yukarıda verilen sistemde ok ($\rightarrow$) yönünde gönderilen gazlar asit ve baz çözeltileri ile e	Yukarıda verilen sistemde ok (→) yönünde gönderilen gazlar asit ve baz çözeltileri ile etkileşimekte	ok
e6df9cb9-ddc7-564f-8f50-65727e42dbd6	Full-2019-2020-Ayt-Matematik Soru Bankası	13	6	3	0.652	Full-2019-2020-Ayt-Matematik_Soru_Bankası_p0013_q03.png	Yukarıda $y = f(3x-2)$ fonksiyonunun grafiği verilmiştir. Buna göre, $f(2a+4) = 0$ denklemini sağlay	Yukarıda $y = f(3x - 2)$ fonksiyonunun grafiği verilmiştir. Buna göre, $f(2a + 4) = 0$ denklemini sa	ok
4b7e6ec5-25ff-5fed-8c0e-673d07a54669	Bilgi Sarmalı-2022-2023-Tyt Ayt-Geometri Soru Bank	134	8	3	0.696	Bilgi_Sarmalı-2022-2023-Tyt_Ayt-Geometri_Soru_Bankası_p0134_q03.png	ABC ve ADE eşkenar üçgen, $|BE|=|EC|$, Alan(ADF) = $S_1$ $cm^2$, Alan(AEC) = $S_2$ $cm^2$. Yukarıdak	ABC ve ADE eşkenar üçgen, $|BE| = |EC|$, Alan(ADF) = $S_1$ cm², Alan(AEC) = $S_2$ cm² Yukarıdaki ver	ok
6bd5489c-3a90-5bc3-8f14-48fa348c596f	C1CELL-2024-TYT-AYT-Geometri Soru Bankası	299	10	2	0.542	C1CELL-2024-TYT-AYT-Geometri_Soru_Bankası_p0299_q02.png	[AB] çaplı yarım çember, BCDEFG düzgün altıgen, $|FG|=3$ br, $|AE|=14$ br. Buna göre, çemberin yarıç	[AB] çaplı yarım çember, BCDEFG düzgün altıgen |FG| = 3 br, |AE| = 14 br Buna göre, çemberin yarıçap	ok
c20e6592-0e98-51e3-b6aa-51625ee9c9e7	345 Tyt Ayt Geometri Soru Bankası 2	25	7	1	0.529	345_Tyt_Ayt_Geometri_Soru_Bankası_2_p0025_q01.png	O, ABC yayının merkezi $m(\widehat{AOC}) = 100^{\circ}$ olduğuna göre, $m(\widehat{ABC}) = x$ kaç de	O, ABC yayının merkezi m(\widehat{AOC}) = 100^\circ olduğuna göre, m(\widehat{ABC}) = x kaç derecedi	ok
b8970ca7-ad1c-5f4f-a0cd-98ed8c4dd008	Full-2019-2020-Ayt-Matematik Soru Bankası	81	8	2	0.6	Full-2019-2020-Ayt-Matematik_Soru_Bankası_p0081_q02.png	Aşağıda şekil 1 ve şekil 2'de bir bariyerin iki farklı konumu gösterilmiştir. A ve B noktaları doğru	Aşağıda şekil 1 ve şekil 2 de bir bariyerin iki farklı konumu gösterilmiştir.  A, O ve B noktaları d	unclear
94832505-c17a-5139-ba22-73264080c12e	Bilgi Sarmalı-2023-2024-Tyt Ayt-Geometri Soru Bank	244	9	2	0.568	Bilgi_Sarmalı-2023-2024-Tyt_Ayt-Geometri_Soru_Bankası_p0244_q02.png	Yukarıdaki şekilde düz bir kaydırağın yandan görünümü gösterilmiştir. Kaydırağın A ucunun yerden yük	Yukarıdaki şekilde düz bir kaydıracağın yandan görünümü gösterilmiştir. Kaydıracağın A ucunun yerden	ok
99c93763-8d61-5a9d-a178-27f6d1b6ddf1	Mikro-2024-Tyt Ayt-Geometri Soru Bankası	46	15	5	0.655	Mikro-2024-Tyt_Ayt-Geometri_Soru_Bankası_p0046_q05.png	ABC bir üçgen, $m(\widehat{ACB}) = 25^\circ$. ABC üçgeni A köşesi etrafında saat yönünün tersi yönde	ABC bir üçgen $m(\widehat{ACB}) = 25^\circ$  ABC üçgeni A köşesi etrafında saat yönünün tersi yönde 	ok
a0cacc9e-ef8e-51c0-a209-e1e6c698a03f	Full Matematik-2019-2020-Geometri Soru Bankası	215	7	1	0.694	Full_Matematik-2019-2020-Geometri_Soru_Bankası_p0215_q01.png	Ayşe Hanım özdeş olan silindir şeklindeki kavanozlarını $55 \text{ cm}$ lik rafa üçü dikey biri yata	Ayşe Hanım özdeş olan silindir şeklinde kavanozlarını 55 cm lik rafa üçü dikey biri yatay olacak şek	ok
c5e00c20-2bae-520e-b6bd-85f7a7650b7f	Full Matematik-Tyt-Matematik Soru Bankası	207	12	2	0.517	Full_Matematik-Tyt-Matematik_Soru_Bankası_p0207_q02.png	Aşağıda $g$ ve $f-g$ fonksiyonlarının grafikleri verilmiştir. Buna göre, I. $f(-3) < 0$ II. $f(2) < 	Aşağıda g ve f = -g fonksiyonlarının grafikleri verilmiştir.  Buna göre, I. f(-3) < 0 II. f(2) < 0 I	unclear
52b14f44-2d0d-5b1f-9475-b2c7eabea9e9	345 2025 Ayt Matematik Soru Bankası	263	6	5	0.524	345_2025_Ayt_Matematik_Soru_Bankası_p0263_q05.png	Aşağıda grafiği verilen $f$ eğrisine $d_1$ doğrusu, $T$ noktasında teğettir. Buna göre, $f'(5) + f''	Aşağıda grafiği verilen f eğrisine d₁ doğrusu, T noktasında teğettir.  Buna göre, f'(5) + f'(1) kaçt	unclear
a110ee5d-359e-5461-b19c-e4604fdcdfd3	Esen 2024 Motivasyon Fizik 2	46	5	1	0.694	Esen_2024_Motivasyon_Fizik_2_p0046_q01.png	Şekildeki yay sarkacı ve basit sarkacın ucundaki $m_1$, $m_2$ kütleli cisimlere sırasıyla $f_1$, $f_	Şekildeki yay sarkacı ve basit sarkacın ucundaki m₁, m₂ kütleli cisimlere sırasıyla f₁, f₂ frekanslı	ok
86b85127-ab85-54a8-a33e-e47c22df4f54	Bilgi Sarmalı Ayt 2024 Fizik Soru Bankası	109	6	4	0.579	Bilgi_Sarmalı_Ayt_2024_Fizik_Soru_Bankası_p0109_q04.png	Hava ortamında $20 \text{ m/s}$ hızla düşey aşağı doğru atılan cismin hız - zaman grafiği şekildeki 	Hava ortamında 2v₀ hızı ile aşağı doğru atılan cismin hız - zaman grafiği şekildaki gibi olmaktadır.	unclear
e4838113-5bfe-5ab8-9887-9018021fd818	PES-Konu özetleri-Problemler Kampı	115	12	4	0.686	PES-Konu_özetleri-Problemler_Kampı_p0115_q04.png	Aşağıda bir markette uygulanan indirim kampanyasının broşürü verilmiştir. Bu marketten 96 TL'lik alı	Aşağıda bir markette uygulanan indirim kampanyasının broşürü verilmiştir.  60 TL ve üzeri alışverişl	unclear
757e821c-4a23-513a-a5cc-23a99df034a1	345 Tyt Ayt Geometri Soru Bankası	389	7	4	0.583	345_Tyt_Ayt_Geometri_Soru_Bankası_p0389_q04.png	Şekil 1'de verilen ABCD dikdörtgeni biçimindeki kağıt, önce [AF] sonra [AE] boyunca katlandığında Şe	Şekil 1'de verilen ABCD dikdörtgen biçimindeki kağıt, önce [AF] sonra [AE] boyunca katlandığında Şek	ok
0d9c14cb-dca6-54be-9b41-c0cd41f16d35	345 2024 Ayt Fizik Soru Bankası	277	7	2	0.696	345_2024_Ayt_Fizik_Soru_Bankası_p0277_q02.png	Sabit açısal hızla dönmekte olan şekildeki rüzgar türbininin özdeş kanatlarının uzunluğu $30 \text{ 	Sabit açsal hızla dönmekte olan şekildeki rüzgar türbininin özdeş kanatlarının uzunluğu 30 m olup ka	ok
085f3651-a2f8-55cd-a686-86931665fe37	Orijinal-2024-Geometri Soru Bankası	359	10	2	0.611	Orijinal-2024-Geometri_Soru_Bankası_p0359_q02.png	$A(-2, 0)$, $B(0, 5)$, $C(-4, 4)$ noktaları; analitik düzlemde verilen ABC üçgeninin köşe noktalarıd	A(-2, 0), B(0, 5), C(-4, -4) noktaları; analitik düzlemde verilen ABC üçgeninin köşe noktalarıdır. A	unclear
fb6f5aa3-5a69-583f-84a1-619f68f3e3bd	Full Matematik-2019-2020-Geometri Soru Bankası	221	6	1	0.632	Full_Matematik-2019-2020-Geometri_Soru_Bankası_p0221_q01.png	Şekilde tabana paralel bir düzlemle kesilmiş dik koninin alt parçası görülmektedir. E ve F daireleri	[EC] = 2 cm, |FB| = 5 cm, |EF| = 4 cm  Şekilde tabana paralel bir düzlemle kesilmiş dik koninin alt 	ok
d906668b-5f77-506b-8e85-dc4185046440	ACİL-TYT-AYT-Geometri Soru Bankası	232	5	2	0.615	ACİL-TYT-AYT-Geometri_Soru_Bankası_p0232_q02.png	Şekildeki ABC ikizkenar üçgeninde $|CB|=|AC|$ olup $m(\widehat{FEB})=15^\circ$ olarak veriliyor. DEF	Şekildeki ABC ikizkenar üçgeninde |CB| > |AC| olup m(FEB) = 15° olarak veriliyor.  DEFK karesinin al	unclear
bafd4de9-4bf7-5734-bac1-fe96f03fd3c2	2023-2024-ACİL-TYT Matematik Soru Bankası	6	7	1	0.655	2023-2024-ACİL-TYT_Matematik_Soru_Bankası_p0006_q01.png	Gizem, pergel ve cetvel kullanarak yukarıda verilen sayı doğrusunda bir etkinlik yapacaktır.  * Elin	Gizem, pergel ve cetvel kullanarak yukarıda verilen sayı doğrusunda bir etkinlik yapacaktır.  • Elin	ok
6e89d3d1-92e0-5b61-beca-9fef2f509275	2023-2024 ACİL- AYT Matematik Soru Bankası	208	7	2	0.596	2023-2024_ACİL-_AYT_Matematik_Soru_Bankası_p0208_q02.png	Aşağıda bir zeminin köşe noktaları verilmiştir. Aynı yatay sıradaki her komşu iki nokta arasında $1$	7. Aşağıda bir zeminin köşe noktaları verilmiştir. Aynı yatay sıradaki her komşu iki nokta arasında 	ok
fc810338-81b7-56d0-a5d9-cf8abe756d13	Apotemi Tyt Ayt Kimya 2019-2020	147	6	2	0.651	Apotemi_Tyt_Ayt_Kimya_2019-2020_p0147_q02.png	Kapalı bir kapta $X_2$ ve $Y_2$ nin tepkimesine ait mol sayısı-zaman grafiği yukarıda verilmiştir. B	Kapalı bir kapta X₂ ve Y₂ nin tepkimesine ait mol sayısı-zaman grafiği yukarıda verilmiştir.  Buna g	ok
c03aec43-ebfc-523a-8fab-09611e57f7f0	2023-2024 ACİL- AYT Matematik Soru Bankası	323	8	2	0.545	2023-2024_ACİL-_AYT_Matematik_Soru_Bankası_p0323_q02.png	Yukarıdaki şekilde $f$ fonksiyonunun türevinin grafiği verilmiştir. Buna göre, I. $f$ fonksiyonu $[3	Yukarıdaki şekilde fonksiyonunun türevinin grafiği verilmiştir. Buna göre, I. f fonksiyonu ] -3, 3[ 	ok
be5397e0-4089-5367-862f-240eec512530	Apotemi 2019 2020 Tyt Ayt Fizik Soru Bankası	188	11	4	0.606	Apotemi_2019_2020_Tyt_Ayt_Fizik_Soru_Bankası_p0188_q04.png	Sürtünmesiz eğik düzlemde K noktasındaki nokta- sal bir cisim, yatay $F_x$ ve düşey $F_y$ kuvvetleri	Sürtünmesiz eğik düzlemde K noktasındaki noktasal bir cisim, yatay F₁ ve düşey F₂ kuvvetlerinin etki	ok
21091c83-0dc1-5913-8726-5ea095566c45	Orijinal-2024-Geometri Soru Bankası	152	13	2	0.565	Orijinal-2024-Geometri_Soru_Bankası_p0152_q02.png	ABCDEF düzgün altıgen, ABLK kare ve F, K, M doğrusal noktalar olduğuna göre, $m(\widehat{MKL}) = \al	ABCDEF düzgün altigen, ABLK kare ve F, K, M doğrusal noktaları olduğuna göre; m(MKL) = α kaç dereced	ok
0f74e14a-2b9a-5456-9bcf-1b5154c0035d	345 2024 Ayt Biyoloji Soru Bankası	330	7	2	0.557	345_2024_Ayt_Biyoloji_Soru_Bankası_p0330_q02.png	Aşağıdaki tabloda X ve Y ortamlarında yaşayan bitkilerde bulunan bazı faktörlerin miktarları gösteri	Aşağıdaki tabloda X ve Y ortamlarındaki bazı faktörlerin miktarlarını gösterilmektedir.  | Ortam | G	ok
66b84051-1106-5d5c-9b33-4ed5e561717e	C1CELL-2024-TYT-Matematik Soru Bankası	315	9	6	0.583	C1CELL-2024-TYT-Matematik_Soru_Bankası_p0315_q06.png	Aşağıda $f$ fonksiyonunun grafiği verilmiştir. Buna göre, $1 < f(a) < 4$ koşulunu sağlayan kaç farkl	Aşağıda f fonksiyonunun grafiği verilmiştir.  Buna göre, 1 < f(a) < 4 koşulunu sağlayan kaç farklı t	ok
2fd8da36-7a98-5cab-92fc-6fe36bdd52df	345 2025 Tyt Kimya Soru Bankası	265	12	5	0.562	345_2025_Tyt_Kimya_Soru_Bankası_p0265_q05.png	Buna göre, sabun molekülü ile ilgili aşağıdakilerden hangisi yanlıştır?	Sabun molekülünün kiri yüzeyle uzaklaştırması ile ilgili görsel aşağıda verilmiştir.  Buna göre, sab	ok
22597c55-0957-594e-ba08-ce74d03de315	Full-2019-2020-Ayt-Matematik Soru Bankası	85	8	3	0.522	Full-2019-2020-Ayt-Matematik_Soru_Bankası_p0085_q03.png	Aşağıda dikdörtgen parçalardan oluşan bir çekmecenin görseli verilmiştir. Bu çekmecelerden üç tanesi	Aşağıda dikdörtgen parçalardan oluşan bir çekmecenin görseli verilmiştir.  Bu çekmecelerden üç tanes	ok
053612c2-5821-589e-9100-85579dc2d9bc	2020-2021-Acil-Problemlerin ilacı	65	12	5	0.649	2020-2021-Acil-Problemlerin_ilacı_p0065_q05.png	Aşağıdaki tabloda Barış, İlker ve Kadir'in aynı işi tek başlarına başlama ve bitirme süreleri verilm	Aşağıdaki tabloda Barış, İlker ve Kadir'in aynı işi tek başlarına başlama ve bitirme süreleri verilm	ok
ca4511cd-705c-5b90-8334-0cf4dcb446e2	Esen Tyt Ayt Geometri Soru Bankası	185	9	2	0.524	Esen_Tyt_Ayt_Geometri_Soru_Bankası_p0185_q02.png	Geometri dersindeki etkinlikte ABCD karesi şeklindeki kâğıt, makasla $[EP]$ ve $[PC]$ boyunca kesile	Geometri dersinde etkinlikle ABCD karesi şeklindeki kağıt, makasla [EP] ve [PC] boyunca kesilerek al	ok
da3ec37c-4188-5df6-86de-85c8f2f85e29	Bilgi Sarmalı-2022-2023-Tyt Ayt-Geometri Soru Bank	252	6	3	0.676	Bilgi_Sarmalı-2022-2023-Tyt_Ayt-Geometri_Soru_Bankası_p0252_q03.png	Şekil I'deki ABCD ikizkenar yamuğundan 8 adet kullanılarak şekil II'deki düzgün elde edilmektedir. $	Şekil I'deki ikizkenar yamuklardan 6 adet kullanılarak şekil II'deki durum elde edilmiştir.  $|AD| =	unclear
06da702f-2f5a-5943-b5d7-5160baeb3901	Bilgi Sarmalı-2025-Ayt-Matematik Soru Bankası	325	11	7	0.641	Bilgi_Sarmalı-2025-Ayt-Matematik_Soru_Bankası_p0325_q07.png	Dik koordinat düzleminde, gerçek sayılar kümesi üzerinde tanımlı ve türevlenebilir $f$ ve $g$ fonksi	Dik koordinat düzleminde, gerçek sayılar kümesi üzerinde tanımlı ve türevlenebilir f ve g fonksiyonl	ok
feaef9bb-873f-5cb5-a99f-2c18cdee8aa9	2023-2024-ACİL-TYT-AYT-Geometrinin İlacı	62	10	2	0.522	2023-2024-ACİL-TYT-AYT-Geometrinin_İlacı_p0062_q02.png	ABC eşkenar üçgen DE $\perp$ AC DF $\perp$ BC $|DE|=2\sqrt{3}$ birim $|DF|=2\sqrt{3}$ birim Buna gör	ABC eşkenar üçgen DE ⊥ AC DF ⊥ BC |DE| = √3 birim |DF| = 2√3 birim  Buna göre, |FC| kaç birimdir?	unclear
d8d487cf-82f2-52ff-859a-97ee6794e0fe	Aromat -2023-2024-Matematik Soru Bankası	315	8	1	0.695	Aromat_-2023-2024-Matematik_Soru_Bankası_p0315_q01.png	Arda, Barış ve Ceyhun isimli üç garsonun çalıştığı bir restorandaki bahşiş kutusunda biriken 5 TL, 1	Arda, Başak ve Ceyhun isimli üç garsonun çalıştığı bir restorandaki bahşiş kutusunda biriken 5 TL, 1	unclear
a11566f8-2054-5ac7-8554-b1b62c5658fa	2020-2021-ACİL-TYT Matematik Soru Bankası	350	12	2	0.571	2020-2021-ACİL-TYT_Matematik_Soru_Bankası_p0350_q02.png	Aşağıdaki tabloda aynı sınıfta bulunan Ali ve Oya'nın doğum günlerine çağırdıkları arkadaşlarının is	Aşağıdaki tabloda aynı sınıfta bulunan Ali ve Oya'nın doğum günlerine çağırdıkları arkadaşlarının is	ok
54f7c2c4-4cb7-535e-8d16-4f613bfd2e91	Bilgi Sarmalı Tyt 2024 Fizik Soru Bankası	326	5	2	0.672	Bilgi_Sarmalı_Tyt_2024_Fizik_Soru_Bankası_p0326_q02.png	K ve L dalga leğenlerine bir miktar su konulduktan sonra X ve Y dalga kaynakları aynı anda çalıştırı	K ve L dalga leğenlerine bir miktar su konulduktan sonra X ve Y dalga kaynakları aynı anda çalıştırı	ok
c6f28fd2-0fc9-52bf-9caa-04031251fddc	Orijinal-Tyt Ayt Geometri Soru Bankası	147	10	3	0.656	Orijinal-Tyt_Ayt_Geometri_Soru_Bankası_p0147_q03.png	Bir okulda, her sınıfa asılmak üzere eşkenar üçgen biçiminde bir poster hazırlanmıştır. Şekildeki gi	Bir okulda, her sınıfa asılmak üzere eşkenar üçgen biçiminde bir poster hazırlanmıştır. Şekildeki gi	ok
7764ff7b-7c42-5a1a-b848-6c2dfd34e279	Mikro Orijinal-2024-Ayt-Matematik Soru Bankası	128	11	4	0.55	Mikro_Orijinal-2024-Ayt-Matematik_Soru_Bankası_p0128_q04.png	Dik koordinat düzleminde, gerçek sayılarda tanımlı olan ikinci dereceden $f$ ve $g$ fonksiyonları ya	Dik koordinat düzleminde, gerçek sayılarla tanımlı olan ikinci dereceden f ve g fonksiyonları yardım	ok
7b1eadf1-dea3-548e-9abc-2cf220ab7b06	Cap Ayt Fizik Soru Bankası 2023 2024	205	26	1	0.575	Cap_Ayt_Fizik_Soru_Bankası_2023_2024_p0205_q01.png	Düzgün elektrik alanın K noktasındaki potansiyel $100 \text{ V}$, L noktasındaki potansiyel $80 \tex	Düzgün elektrik alanın K noktasındaki potansiyel 100 V, L noktasındaki potansiyel 80 V, M noktasında	ok
ec831935-5113-5395-b4a2-6a8c189dab4d	C1CELL-2025-Matematik Soru Bankası	361	9	5	0.621	C1CELL-2025-Matematik_Soru_Bankası_p0361_q05.png	Şekildeki dik koordinat düzleminde gerçek sayılar kümesi üzerinde tanımlı bir $f$ fonksiyonunun graf	Şekildeki dik koordinat düzleminde reel sayılar kümesi üzerinde tanımlı bir f fonksiyonunun grafiği 	ok
328b851c-5b2c-5f06-8313-06e807e96cd0	Esen Aps Kimya Soru Bankası	78	9	4	0.545	Esen_Aps_Kimya_Soru_Bankası_p0078_q04.png	Aşağıda verilen X, Y ve Z tablolarında aynı kimyasal türlere ait örnekler türler vardır.  Buna göre 	Aşağıda verilen X, Y ve Z tablolarında aynı kimyasal türlere ait örnekler türleri vardır.  | a | PO₄	ok
631705cd-14fc-5842-bbae-86075a796d2f	345 2025 Tyt Ayt Geometri Soru Bankası 1	261	6	2	0.61	345_2025_Tyt_Ayt_Geometri_Soru_Bankası_1_p0261_q02.png	Selim; yerden yüksekliği $200$ cm olan ve yere paralel olan bir tavana, ikizkenar yamuk şeklindeki ö	Selim, yerden yüksekliği 200 cm olan ve yere paralel olan bir tavana, izkizaran yamuk şeklinde özdeş	ok
e4ae0c5c-54f0-5d58-88e9-d7a0529ed1ae	Apotemi 2019 2020 Tyt Ayt Fizik Soru Bankası	184	10	2	0.613	Apotemi_2019_2020_Tyt_Ayt_Fizik_Soru_Bankası_p0184_q02.png	Şekil I'deki K noktasından $v$ hızıyla $\alpha$ açısı ile fırlatılan cisim M noktasına çarpıyor. Cis	Bir cisim K noktasından v hızıyla α açısıyla fırlatılınca M noktasına çarpıyor.  Cisim K noktasından	ok
1c8f80a3-8f97-54db-a82f-4b1c7a2ae633	C1CELL-2024-TYT-AYT-Geometri Soru Bankası	11	9	6	0.5	C1CELL-2024-TYT-AYT-Geometri_Soru_Bankası_p0011_q06.png	Yukarıdaki şekilde, [BA // [EF, $m(\text{ABC}) = 130^\circ$, $m(\text{BCD}) = 80^\circ$ ve $m(\text{	Yukarıdaki şekilde, $|BA || |EF$, $m(\widehat{ABC}) = 130^\circ$, $m(\widehat{BCD}) = 80^\circ$ ve $	ok
6912e40f-6e16-5e00-93a5-561feee2f487	345 2024 Tyt Matematik Soru Bankası	379	6	2	0.553	345_2024_Tyt_Matematik_Soru_Bankası_p0379_q02.png	Aşağıda A, B ve C kümelerinin çembersel şemaları ve her bir bölge içinde kaç adet eleman bulunduğu g	Aşağıda A, B ve C kümelerinin şembersel şemaları ve her bir bölge içinde kaç elemanın bulunduğu göst	ok
da7757bf-f8ad-5e59-be94-db058fbfe6ba	Egsersiz Tyt Fizik Soru Bankası 2021	138	8	4	0.655	Egsersiz_Tyt_Fizik_Soru_Bankası_2021_p0138_q04.png	Münir Usta hazırlamakta olduğu bir tatlı için mutfağında bulunan $30^ ext{o} ext{C}$'deki şerbetin ü	Münir Usta hazırlamakta olduğu bir tatlı için mutfakçında bulunan 30 °C'daki şerbetin üzerine 60 °C'	ok
f593d505-1a08-525b-9f6a-5776aa0d8bcd	2020-2021-ACİL-AYT Matematik Soru Bankası	437	14	3	0.655	2020-2021-ACİL-AYT_Matematik_Soru_Bankası_p0437_q03.png	Şekildeki doğru üzerinden $x$ eksenine inilen dikme uzunlukları sırasıyla 2, 3 ve 5 br dir. Buna gör	Şekildeki doğru üzerinden x eksenine inilen dikme uzunlukları sırasıyla 2, 3 ve 5 br dir.  $$ \int_{	ok
f4814c81-b4b5-599e-9eae-1a7d744e4ca4	2020-2021-Acil-Tyt Ayt Geometrinin ilacı Soru Bank	70	10	2	0.679	2020-2021-Acil-Tyt_Ayt_Geometrinin_ilacı_Soru_Bankası_p0070_q02.png	ABC üçgen, $m(\widehat{DAB}) = m(\widehat{EAD})$, $m(\widehat{EAC}) = m(\widehat{CAF})$, $|BD| = 2$ 	ABC üçgen $m(\widehat{DAB}) = m(\widehat{EAD})$ $m(\widehat{EAC}) = m(\widehat{CAF})$ $|BD| = 2$ bir	ok
a5f51a08-8606-5b00-b180-dde522cb0cfa	CAP-2022-2023-TYT-Matematik Soru Bankası	130	11	7	0.529	CAP-2022-2023-TYT-Matematik_Soru_Bankası_p0130_q07.png	Aşağıda verilen sayı doğrusu için; Sayı doğrusu üzerinde işaretlenen sayılar $3^a$, $3^b$, $3^c$ ün 	Aşağıda verilen sayı doğrusu için • Sayı doğrusu üzerinde işaretlenen sayılar 3 ün kuvvetleri şeklin	ok
42e70469-0358-56c7-979d-e794428baa65	345 2025 Ayt Kimya Soru Bankası	141	6	2	0.655	345_2025_Ayt_Kimya_Soru_Bankası_p0141_q02.png	Belirli bir sıcaklıkta gerçekleşen $KClO_3(k) \to KCl(k) + \frac{3}{2}O_2(g)$ tepkimesinde tepkimeye	Belirli bir sıcaklıkta gerçekleşen $$KClO_3(s) 
ightarrow KCl(s) + 
rac{3}{2} O_2(g)$$ tepkimesinde 	
ac5dcaed-a4be-5aaa-acd7-d0a12e61381a	Full Matematik-2022-2023-Tyt Ayt-Geometri Soru Ban	161	7	2	0.519	Full_Matematik-2022-2023-Tyt_Ayt-Geometri_Soru_Bankası_p0161_q02.png	Aşağıda ABC ikizkenar üçgensel bölgesi biçimindeki bir kağıt şekil 1'deki gibi $|BC|$ 'ye paralel ik	7. Aşağıda ABC ikizkenar üçgensel bölgesi biçimindeki bir kağıt şekil 1deki gibi [BC] ye paralel iki	ok
30d5688a-3760-5cc2-b610-97fa718a6584	345 Tyt Biyoloji Soru Bankası	207	5	1	0.647	345_Tyt_Biyoloji_Soru_Bankası_p0207_q01.png	Aşağıdaki soy ağacında X kromozomunda taşınan ve Y kromozomunda aleli olmayan kırmızı-yeşil renk kör	Aşağıdaki soyağacında X kromozomunda taşınan ve Y kromozomuna ait olmayan kırmızı-yeşil renk körlüğü	ok
e2052070-9563-5326-b887-ac9df30d4fe5	2020-2021-ACİL-TYT Matematik Soru Bankası	393	19	2	0.667	2020-2021-ACİL-TYT_Matematik_Soru_Bankası_p0393_q02.png	Dik koordinat düzleminde $[0, 7]$ aralığında tanımlı $f$ ve $g$ fonksiyonlarının grafikleri şekilde 	Dik koordinat düzleminde [0, 7] aralığında tanımlı f ve g fonksiyonlarının grafikleri şekilde verilm	ok
2e42f260-2403-54af-85b8-38a7985627e3	Full Matematik-2019-2020-Geometri Soru Bankası	127	9	2	0.646	Full_Matematik-2019-2020-Geometri_Soru_Bankası_p0127_q02.png	AE // DC ve AB // DE olmak üzere ABCD dörtgeni şeklindeki kağıt DE boyunca katlanıyor. Bu işlem sonu	AE // DC ve AB // DE olmak üzere ABCD dörtgeni şeklindeki kağıt DE boyunca katlanıyor. Bu işlem sonu	ok
c22e56db-d663-53ef-bdf4-f5cd3fb51164	345 2025 Ayt Kimya Soru Bankası	239	7	2	0.695	345_2025_Ayt_Kimya_Soru_Bankası_p0239_q02.png	Bir elektroliz deneyi ile $XCl_2$ iyonik bileşiğindeki X elementinin atom kütlesi hesaplanmak isteni	Bir elektroliz deneyi ile XCl2 iyonik bileşiğindeki X elementinin atom kütlesi hesaplanmak isteniyor	ok
86d2980c-b41b-5880-b181-13af83b7203d	Mikro Orijinal-Tyt Ayt-Geometri Soru Bankası 2	341	10	1	0.677	Mikro_Orijinal-Tyt_Ayt-Geometri_Soru_Bankası_2_p0341_q01.png	Dik koordinat düzlemine eş iki dikdörtgen kenarları çakışacak biçimde yukarıdaki gibi yerleştirilmiş	Dik koordinat düzlemine eş iki dikdörtgen kenarları çakışacak biçimde yukarıdaki gibi yerleştirilmiş	ok
cb9cbc56-b292-5282-b6b7-5430b7d04c86	Neofizik Tyt Soru Bankası	34	6	4	0.696	Neofizik_Tyt_Soru_Bankası_p0034_q04.png	Şekildeki katı cismin yere yaptığı basınç cisim $S_1$ yüzeyi üzerine konulduğunda $P_1$, $S_2$ yüzey	Şekildeki katı cismin yere yaptığı basınç cisim S1 yüzeyi üzerine konulduğunda P, S2 yüzeyi üzerine 	ok
0ba01dfc-d28b-5ddf-9373-8650331ca57a	Esen Tyt Cografya Soru Bankası	62	11	3	0.571	Esen_Tyt_Cografya_Soru_Bankası_p0062_q03.png	Türkiye'nin $1/900.000$ ölçekli haritasında istediği ayrıntıyı yakalayamayan bir kartograf; I. $1/1.	Türkiye'nin 1/900.000 ölçekli haritasında istediği ayrıntıyı yakalayamayan bir kartograf;  I. 1/1.00	ok
35988b9c-5143-5f98-b9ed-18d32c8478e1	345 Tyt Ayt Geometri Soru Bankası	391	8	2	0.522	345_Tyt_Ayt_Geometri_Soru_Bankası_p0391_q02.png	ABCD kare BE $\perp$ EC AF $\perp$ LC $|CF| = 7$ cm $|FE| = 8$ cm olduğuna göre, Çevre(AFCD) kaç cm'	ABCD kare BE ⊥ EC AF ⊥ EC |CF| = 7 cm |FE| = 8 cm olduğuna göre, Çevre(AFCD) kaç cm'dir?	unclear
ef436264-83d1-5ed6-95c8-d884a9c3b16f	Bilgi Sarmalı-2022-2023-Tyt Ayt-Geometri Soru Bank	324	11	5	0.548	Bilgi_Sarmalı-2022-2023-Tyt_Ayt-Geometri_Soru_Bankası_p0324_q05.png	Yukarıdaki dikdörtgenler prizmasının içine en büyük alana sahip bir küre yerleştirilirse, prizma ile	ABCDEFGH dikdörtgenler prizması |AH| = 5 cm |AB| = 4 cm |BC| = 6 cm  Yukarıdaki dikdörtgenler prizma	ok
9fcfd0e9-bdba-508a-a6a6-a5064ccba2e7	Cap Tyt Fizik Soru Bankası 2023 2024	59	11	2	0.614	Cap_Tyt_Fizik_Soru_Bankası_2023_2024_p0059_q02.png	Düşey kesiti verilen kapta, içinde tahta blok ve demir bilye su içinde şekildeki gibi dengededir. Bu	Düşey kesiti verilen kaptaki suda, içinde tahta blok ve demir bilye olan başka bir kap şeklinde gibi	unclear
c6881790-acc7-5a1d-9652-11871b69f134	Aromat Ayt 2023 2024 Fizik Soru Bankası	263	8	3	0.692	Aromat_Ayt_2023_2024_Fizik_Soru_Bankası_p0263_q03.png	Boşlukta $+x$ yönünde ilerleyen bir mikrodalganın elektrik ve manyetik alan bileşenlerinden yalnızca	Boşlukta +x yönünde ilerleyen bir mikrodalğanın elektrik ve manyetik alan bileşenlerinden yalnızca m	ok
60672387-0827-5910-a1d7-b78b5aaaf8cf	Esen Tyt Ayt Biyoloji Soru Bankası	34	6	2	0.558	Esen_Tyt_Ayt_Biyoloji_Soru_Bankası_p0034_q02.png	Işık mikroskobu altında pek çok hücre şeffaf görünür. Bu nedenle hücreye ait yapıların gözlemlenebil	Işık mikroskobu altında pek çok hücre şekil görünür. Bu nedenle hücreye ait yapıların gözlemlenebilm	ok
9aab90a6-a07c-50d2-bbbe-4474a3fea5cd	345 Tyt Ayt Geometri Soru Bankası 2	137	5	3	0.638	345_Tyt_Ayt_Geometri_Soru_Bankası_2_p0137_q03.png	Dik koordinat düzleminde merkezi orijine gelecek şekilde yerleştirilen daire biçimindeki dart tahtas	Dik koordinat düzleminde merkezi orijine gelecek şekilde yerleştirilen daire biçimindeki dart tahtas	ok
436b16b5-e9ce-5220-8401-1257439e9c3f	Aktif Ogrenme 2023 2024 Biyoloji	95	8	1	0.676	Aktif_Ogrenme_2023_2024_Biyoloji_p0095_q01.png	Bir bitki sulandığında, kökleriyle aldığı suyu yaprak- lara doğru taşır. Sulanan bir bitkinin hücrel	Bir bitki sulandığında, köklerinden aldığı suyu yapraklara doğru taşır.  Sulamanın bir bitkinin hücr	ok
499920cb-da80-5397-8bf9-470795c67d29	Apotemi 2019 2020 Tyt Ayt Fizik Soru Bankası	150	6	1	0.596	Apotemi_2019_2020_Tyt_Ayt_Fizik_Soru_Bankası_p0150_q01.png	Süratleri $v_1$ ve $v_2$ olan araçlardan birinin boyu $x$ ve diğerinin $y$ dir. Araçlar $L$ uzunluğu	Süratleri v₁ ve v₂ olan araçların boyları x ve y dir.  Araçlar L uzunluğundaki tünele şekildeki gibi	ok
6fb6fa7d-f04d-5f04-bc61-fa979e7ef6f3	345 2025 Ayt Fizik Soru Bankası	105	8	3	0.54	345_2025_Ayt_Fizik_Soru_Bankası_p0105_q03.png	Kütlesi $2 \text{ kg}$ olan bir cisim, K noktasından serbest bırakıldığında doğal hâlde bulunan esne	Kütlesi 2 kg olan bir cisim, K noktasından serbest bırakıldığında doğal halinde bulunan esnek bir ya	ok
58b384e5-9836-5ac2-88c1-a1dfac24c8e2	CAP-2023-2024-AYT-Matematik Soru Bankası	224	39	1	0.587	CAP-2023-2024-AYT-Matematik_Soru_Bankası_p0224_q01.png	Selim Öğretmen beden eğitimi dersinde öğrencisi Mehmet'e antrenman yaptırmaktadır. Mehmet, $A_1$ dir	Solim Öğretmen beden eğitimi dersinde öğrenci Mehmet'e antrenman yaptırmaktadır. Mehmet, A₁ direğind	ok
