id	book	page	db_q_no	ocr_soru_no	crop_q_no	tier	similarity	crop_file	db_text_preview	ocr_text_preview	verdict
bf13fafb-d974-5936-9871-df30fe722524	Esen Aps Fizik Soru Bankası 3	198	8	8	3	D1	0.719	Esen_Aps_Fizik_Soru_Bankası_3_p0198_q03.png	Kırmızı renkli bir ışık ışınının bazı ortamlardaki hızı aşağıdaki tabloda verilmiştir. Üç farklı ort	Kırmızı renkli bir ışık ışınının bazı ortamlardaki hızı aşağıdaki tabloda verilmiştir.  | Ortam | Iş	
134887c8-a6cd-5d37-8d95-39944b0ea1d8	2023-2024-ACİL-TYT-AYT Geometri Soru Bankası	311	13	13	1	D1	0.733	2023-2024-ACİL-TYT-AYT_Geometri_Soru_Bankası_p0311_q01.png	ABC eşkenar üçgendir. C(m, m) ve B(6, 0). Buna göre, $A(\widehat{ABC})$ kaç birimkaredir?	ABC eşkenar üçgendir. C(m, m) ve B(6, 0) Buna göre, A(ABC) kaç birimkaredir?	
2e1308df-6f98-57ab-9fdf-a270d22f8492	2019-2020-ACİL-AYT-Matematik Soru Bankası	10	10	10	4	D1	0.944	2019-2020-ACİL-AYT-Matematik_Soru_Bankası_p0010_q04.png	Bir kişi işletmesinde kablosuz bağlantı olduğunu ifade etmek için yukarıdaki logoyu boyayarak işletm	Bir kişi işletmesinde kablosuz bağlantı olduğunu ifade etmek için yukarıdaki logoyu boyayarak işletm	
e4b58c99-ab4d-5660-b341-0068b2d8c0bf	Full-2019-2020-Ayt-Matematik Soru Bankası	53	11	11	4	D1	0.833	Full-2019-2020-Ayt-Matematik_Soru_Bankası_p0053_q04.png	Yukarıda üç sokak lambasının birbirlerine olan uzaklıkları birer polinom olarak verilmiştir. I. soka	Yukarıda üç sokak lambasının birbirlerine olan uzaklıkları birer polinom olarak verilmiştir.  • I. s	
c68b4884-4e7b-5e89-9ff8-5c6fb8f19d72	Orijinal-Tyt Ayt Geometri Soru Bankası	431	14	14	4	D1	0.815	Orijinal-Tyt_Ayt_Geometri_Soru_Bankası_p0431_q04.png	Bir kargo paketi hazırlamak isteyen Zeynep, Şekil 1'deki gibi kapağı bulunan ve tabanı kare olan dik	Bir kargo paketi hazırlamak isteyen Zeynep, üst yüzeyinde Şekil 1'deki gibi kapakçı bulunan ve taban	
2179c553-18f2-52f4-a2dd-f40921bd2346	345 Tyt Ayt Geometri Soru Bankası	309	7	7	3	D1	0.833	345_Tyt_Ayt_Geometri_Soru_Bankası_p0309_q03.png	Aşağıdaki yaya geçidinin iki tarafında yer alan özdeş tabelalar, eşkenar dörtgen biçiminde olup yere	Aşağıdaki yaya geçidinin iki tarafında yer alan özdeş tabelalar, eşkenar dörtgen biçiminde olup yere	
b15f12e5-56f9-5df0-9ba2-b2aec5e42479	345 2025 Tyt Biyoloji Soru Bankası	153	10	10	4	D1	0.861	345_2025_Tyt_Biyoloji_Soru_Bankası_p0153_q04.png	Aşağıda bölünmekte olan bir hücrenin durumu gösterilmiştir. Bu hücre için I. Mayoz bölünme geçirmekt	Aşağıda bölünmekte olan bir hücrenin durumu gösterilmiştir.  Bu hücre için  I. Mayoz bölünmeye geçme	
275bb39b-ee53-54f8-acd3-ee69936338c3	Orijinal-2024-Geometri Soru Bankası	13	6	6	3	D1	0.905	Orijinal-2024-Geometri_Soru_Bankası_p0013_q03.png	Farklı renklerdeki ve dikdörtgen biçimindeki üç karton, aşağıdaki gibi üst üste konuluyor. Yukarıda 	Farklı renklerdeki ve dikdörtgen biçimindeki üç karton, aşağıdaki gibi üst üste konuluyor.  Yukarıda	
74cf7fed-4140-5b5e-8a88-89a61976050a	Full Matematik-Tyt-Matematik Soru Bankası	27	9	9	2	D1	0.776	Full_Matematik-Tyt-Matematik_Soru_Bankası_p0027_q02.png	Yukarıdaki tabloda 6 rakamından başlanarak çapraz gidilmeden, geçilen kutudan bir daha geçmemek koşu	Yukarıdaki tabloda 9 rakamından başlanarak çapraz gidilmeden, geçilen kutudan bir daha geçmemek koşu	
b0c9e4e4-883d-5a47-8aeb-5a3cef4f4b35	Neofizik Tyt Soru Bankası	192	5	5	1	D1	1.0	Neofizik_Tyt_Soru_Bankası_p0192_q01.png	X ortamında oluşturulan doğrusal bir su dalgasının Y ve Z ortamlarındaki ilerleyişi şekildeki gibidi	X ortamında oluşturulan doğrusal bir su dalgasının Y ve Z ortamlarındaki ilerleyişi şekildeki gibidi	
49a1f07b-c64a-5f22-a2cb-61e53b9dd2db	Esen Yks Motivasyon Fizik Testleri	169	5	5	1	D1	0.76	Esen_Yks_Motivasyon_Fizik_Testleri_p0169_q01.png	Ağırlığı $P$ olan eşit bölmeli düzgün türdeş çubuk şekildeki gibi dengededir. Yalnız yatay yüzey sür	Ağırlığı P olan eşit bölmeli düzgün türdeş çubuk şekil-deki gibi dengededir.  Yalnız yatay yüzey sür	
0695e653-e839-5875-b3dc-4405c45072aa	Full Matematik-Tyt-Matematik Soru Bankası	161	9	9	2	D1	0.806	Full_Matematik-Tyt-Matematik_Soru_Bankası_p0161_q02.png	Ali Bey, ailesi ile birlikte çektirdiği fotoğrafların sağ alt köşesine sırasıyla fotoğrafın çekildiğ	Ali bey, ailesi ile birlikte çektiği fotoğrafların sağ alt köşesine sırasıyla fotoğrafın çekildiği y	
945f00a7-e6ec-542b-826a-5c74717e5226	Apotemi 2019 2020 Tyt Ayt Fizik Soru Bankası	206	9	9	5	D1	1.0	Apotemi_2019_2020_Tyt_Ayt_Fizik_Soru_Bankası_p0206_q05.png	Şekildeki sürtünmesiz sistemde 5 m kütleli cisim F kuvveti ile en az iş yapılarak h kadar yükseltili	Şekildeki sürtünmesiz sistemde 5 m kütleli cisim F kuvveti ile en az yapılarak h kadar yükseltiliyor	
3b57e441-b28d-570c-9d9d-ed189f58d45b	2023-2024 ACİL- AYT Matematik Soru Bankası	353	5	5	1	D1	0.9	2023-2024_ACİL-_AYT_Matematik_Soru_Bankası_p0353_q01.png	Şekilde kalınlıkları önemsenmeyen 10 ve 5 cm uzunluğunda iki çubuk gösterilmiştir. Bu çubuklar birbi	Şekilde kalınlıkları önemsenmeyen 10 ve 5 cm uzunluğunda iki çubuk gösterilmiştir.  Bu çubuklar birb	
196baf98-6d42-5fd7-bd9e-954f6be078f8	CAP-2022-2023-TYT-Matematik Soru Bankası	18	7	7	1	D1	0.758	CAP-2022-2023-TYT-Matematik_Soru_Bankası_p0018_q01.png	Her birinin üzerine 1'den 6'ya kadar sayılar yazılı olan özdeş dört küp birbirine yapıştırılarak mas	Her birinin üzerine 1 den 6 ya kadar sayılar yazılı olan küp birbirine yapıştırılarak masanın üzerin	
7c942483-f455-5df1-a46e-6e7e6667fb76	Bilgi Sarmalı Tyt 2024 Fizik Soru Bankası	326	6	6	4	D1	0.935	Bilgi_Sarmalı_Tyt_2024_Fizik_Soru_Bankası_p0326_q04.png	Bir ucu serbest diğer ucu sabit olan sarmal yayda ilerleyen ve ilerleme yönleri şekildeki oklarla be	Bir ucu serbest diğer ucu sabit olan sarmal yayda ilerleyen ve ilerleme yönleri şekildeki oklarla be	
557a893d-70e0-5f05-aab0-c19d69642854	2019-2020-ACİL-TYT-Soru Bankası	69	11	11	2	D1	0.8	2019-2020-ACİL-TYT-Soru_Bankası_p0069_q02.png	Bir kenarı 3 birim olan aşağıdaki karenin içine, karenin alanının sayı değerinden küçük olan asal sa	Bir kenarı 3 birim olan aşağıdaki karenin içine, karenin alanındaki sayı değerinden küçük olan asal 	
967af415-629f-59d8-beca-be261195a1f6	2019-2020-ACİL-AYT-Matematik Soru Bankası	344	8	8	4	D1	0.913	2019-2020-ACİL-AYT-Matematik_Soru_Bankası_p0344_q04.png	Aşağıda iki eğri verilmiştir. Şekildeki boyalı bölgeye, y eksenine paralel olacak biçimde çizilebile	Aşağıda iki eğri verilmiştir.  Şekildeki boyalı bölgeye, y eksenine paralel olacak şekilde çizilebil	
8a514bbf-51e8-585e-985c-a2530fbc9965	2023-2024-ACİL-TYT Matematik Soru Bankası	282	8	8	2	D1	0.719	2023-2024-ACİL-TYT_Matematik_Soru_Bankası_p0282_q02.png	Yukarıda verilen düzenekte ibre önce saat yönünde 1 birim, sonra ulaşılan sayıdan saat yönünün tersi	Yukarıda verilen düzeneğe; ibre önce saat yönünde 1 birim, sonra ulaştığı sayıdan saat yönünün tersi	
6c92a204-dc42-5871-b9df-cc33d38010ff	345 2025 Tyt Ayt Geometri Soru Bankası 1	131	7	7	2	D1	0.962	345_2025_Tyt_Ayt_Geometri_Soru_Bankası_1_p0131_q02.png	Şekil 1'de zemine dik, ebatları 2 metre ve 6 metre olan dikdörtgen biçimindeki A duvarı, güneşin kon	Şekil 1'de zemine dik, ebatları 2 metre ve 6 metre olan dikdörtgen biçimindeki A duvarı, güneşin kon	
7efc65a9-249a-59ae-aa1d-4fa953082163	345 2025 Tyt Fizik Soru Bankası	255	7	7	2	D1	0.825	345_2025_Tyt_Fizik_Soru_Bankası_p0255_q02.png	X ve Y cisimleri, düşey kesiti verilen türdeş sıvı dolu bir kaba atılınca şekildeki gibi dengede kal	X ve Y cisimleri, dikey kesiti verilen türdeş sıvı dolu bir kaba atıldığı gibi dengede kalıyor.  Cis	
45c7d4d1-b6d8-54e2-ad85-889e36f78619	Bilgi Sarmalı-2025-Tyt-Matematik Soru Bankası	130	8	8	4	D1	0.729	Bilgi_Sarmalı-2025-Tyt-Matematik_Soru_Bankası_p0130_q04.png	Bir demirci, iki ana demir arasına kalınlıkları 1 cm olan özdeş demir çubukları şekildeki gibi eşit 	Bir demirci, iki ana demir arasına kalınlıkları 1 cm olan öz-değir demir çubukları şeklideki gibi eş	
8800cb3e-d511-52e2-bd32-0f1c777fc057	CAP-2023-AYT-Matematik -AL-Soru Bankası	63	5	5	1	D1	1.0	CAP-2023-AYT-Matematik_-AL-Soru_Bankası_p0063_q01.png	$y = f(x)$ fonksiyonunun grafiği aşağıda verilmiştir. Buna göre, I. $f(x)$ fonksiyonunun görüntü küm	$y = f(x)$ fonksiyonunun grafiği aşağıda verilmiştir.  Buna göre,  I. $f(x)$ fonksiyonunun görüntü k	
6d937dd3-9e71-5f50-8f5f-bdf3c8ffc922	2019-2020-Acil-Matematiğin ilacı Tyt Matematik Sor	291	9	9	5	D1	0.826	2019-2020-Acil-Matematiğin_ilacı_Tyt_Matematik_Soru_Bankası_p0291_q05.png	1. ve 3. bölgeyi birbirinden farklı sıcak renklere, 2. ve 4. bölgeyi yine birbirinden farklı soğuk r	1. ve 3. bölgesi birbirinden farklı sıcak renklere, 2. ve 4. bölgesi yine birbirinden farklı soğuk r	
08c03416-f66f-59aa-b0f2-67aec8b36531	Cap Ayt Fizik Soru Bankası 2023 2024	143	5	5	1	D1	0.927	Cap_Ayt_Fizik_Soru_Bankası_2023_2024_p0143_q01.png	Doğrusal yolda bisikletiyle ilerleyen Orhan bisikletin ön tekerinin frenine bastığında ön teker sade	Doğrusal yolda bisikletle ilerleyen Orhan bisikletin ön tekerinin frenine bastığında ön teker sadece	
81ba78d9-3019-57cc-8cc1-957760961cb9	Fizipedia Tyt Fizik Soru Bankası 2025	180	5	5	1	D1	0.921	Fizipedia_Tyt_Fizik_Soru_Bankası_2025_p0180_q01.png	Pusulalar içinde bulundukları manyetik alan ile etkileşerek bu manyetik alan hakkında bilgi edinmemi	Pusulalar içinde bulundukları manyetik alan ile etkileşerek bu manyetik alan hakkında bilgi edinmemi	
b94766a8-97ec-510b-8c97-ad5dfb0699ab	Full Matematik-2022-2023-Tyt-Matematik Soru Bankas	157	10	10	2	D1	0.781	Full_Matematik-2022-2023-Tyt-Matematik_Soru_Bankası_p0157_q02.png	Yukarıda verilen şekilde kare kutucuk içerisine yazılan sayı, doğru parçaları ile bağlı olduğu daire	Yukarıda verilen şekilde kare kutucuk içerisine yazılan sayı, doğru parçaları ile bağlı olduğu daire	
6e29a5e5-a563-5d9d-806f-49d318afed86	Esen Ayt Kimya Soru Bankası	66	8	8	3	D1	0.731	Esen_Ayt_Kimya_Soru_Bankası_p0066_q03.png	200 gram suda 0,4 mol $\text{Ca(NO}_3)_2$ çözünerek hazırlanan çözeltinin 1 atm basınç altında donma	200 gram suda 0,4 mol $Ca(NO_3)_2$ çözünerek hazırlanan çözeltinin 1 atm basınç altında donmaya başl	
fd5152c8-01ae-5512-a133-d5e09cd889ba	Full Matematik-2019-2020-Geometri Soru Bankası	57	7	7	1	D1	0.824	Full_Matematik-2019-2020-Geometri_Soru_Bankası_p0057_q01.png	Merve öğretmen geometri dersindeki bir etkinlikte öğrencilerine; I. Açıölçerin merkezi olan A noktas	Marva öğretmen geometri dersindeki bir etkinlikte öğrencilerine I. Açılıçların merkezi olan A noktas	
91adde2b-ba9e-518c-957a-7a33aa2e75ca	Apotemi 2019 2020 Tyt Ayt Fizik Soru Bankası	268	11	11	4	D1	0.765	Apotemi_2019_2020_Tyt_Ayt_Fizik_Soru_Bankası_p0268_q04.png	$-Q$ yükünün A noktasındaki elektriksel potansiyeli 20 volttur. Buna göre, $V_{AB}$ potansiyel farkı	+Q yükünün A noktasındaki elektriksel potansiyeli 20 volttur.  Buna göre, V_AB potansiyel farkı kaç 	
d1c61c46-d9ac-55bb-a11e-ef16e9098f16	Bilgi Sarmalı Tyt 2024 Fizik Soru Bankası	270	6	6	4	D1	0.852	Bilgi_Sarmalı_Tyt_2024_Fizik_Soru_Bankası_p0270_q04.png	Özdeş tam yansımalı cam prizmalar şekildeki gibi birleştirilmiştir. Buna göre cam prizmalara gönderi	Özdeş tam yansımalı cam prizmalarda şekildedeki gibi birleştirilmiştir.  Buna göre cam prizmalara gö	
bda886f3-3372-57fc-9785-0c4464bf787b	345 2025 Tyt Ayt Geometri Soru Bankası 1	261	9	9	3	D1	0.824	345_2025_Tyt_Ayt_Geometri_Soru_Bankası_1_p0261_q03.png	Önden görünümü ABCD ikizkenar yamuğu biçiminde olan Şekil 1'deki bardağın içerisine kalınlığı önemsi	9. Önden görünümü ABCD ikizkenar yamuklu biçiminde olan Şekil 1'deki bardağın içine kalınlığı önemsi	
29a84e06-1be3-5ad2-91be-297a694b6fdb	Cap Ayt Fizik Soru Bankası 2023 2024	287	10	10	3	D1	0.875	Cap_Ayt_Fizik_Soru_Bankası_2023_2024_p0287_q03.png	Nükleon sayısının (A) nükleon başına düşen bağlanma enerjisinin (B/A) bağlı grafik şekildeki gibidir	Nükleon sayısının (A) nükleon başına düşen bağlanma enerjisinin (B/A) bağlı grafik şekildedir.  Buna	
bc117dab-d8b6-56ce-8d4a-a2d47c80e2a7	CAP-2022-2023-TYT-Matematik Soru Bankası	74	10	10	2	D1	0.935	CAP-2022-2023-TYT-Matematik_Soru_Bankası_p0074_q02.png	Herbirinin çevresi $560$ m olan üç dairesel pistin üzerinde hızları şekilde verilen üç araç aynı and	Herbirinin çevresi 560 m olan üç dairesel pistin üzerinde hızları şekilde verilen üç araç aynı anda,	
a6d5fd2a-1b4c-5b24-b5a8-f5846f3788f1	ACİL-2025-Problemin İlacı	9	10	10	2	D1	0.806	ACİL-2025-Problemin_İlacı_p0009_q02.png	Şekildeki biçerdöverin ön tekerleği ile traktörün arka tekerleğinin büyüklükleri eşittir. Traktörün 	Şekildeki biçerdöverin ön tekerleği ile traktörün arka tekerleğinin büyüklükleri eşittir. Traktörün 	
d50c00a0-ff18-5c50-8bec-795daabff648	Mikro-2024-Tyt Ayt-Geometri Soru Bankası	245	8	8	4	D1	1.0	Mikro-2024-Tyt_Ayt-Geometri_Soru_Bankası_p0245_q04.png	Şekilde verilen paralelkenar 3 adet mavi, 2 adet sarı ve 1 adet yeşil eşkenar dörtgenin kenarlarının	Şekilde verilen paralelkenar 3 adet mavi, 2 adet sarı ve 1 adet yeşil eşkenar dörtgenin kenarlarının	
56db9d93-0290-5104-9a51-330e380adefc	Mikro Orijinal-Tyt Ayt-Geometri Soru Bankası 2	46	8	8	4	D1	0.857	Mikro_Orijinal-Tyt_Ayt-Geometri_Soru_Bankası_2_p0046_q04.png	Bir ışının bir yüzeye gelme açısı ile yüzeyden yansıma açısı aynı ölçüdedir. Kenarları düz aynalarda	Bir ışının bir yüzeye gelme açısı ile yüzeyden yansıma açısı aynı ölçüdedir.  Gelen ışın ... Yansıya	
a85aadbe-4693-5196-acaa-5d23a24c047d	Mikro Orijinal-2024-Tyt-Matematik Soru Bankası	233	5	5	1	D1	0.745	Mikro_Orijinal-2024-Tyt-Matematik_Soru_Bankası_p0233_q01.png	Bir çikolata firmasının altın bilet kampanyası için ürettiği sütlü veya fındıklı çikolata paketlerin	Bir çikolata firmasının altın bilet kampanyası için ürettiği sütü veya fındıklı çikolata paketlerine	
ae5d4741-c307-55e8-8bb7-c7163a57db94	2023-2024-ACİL-TYT-AYT Geometri Soru Bankası	31	12	12	4	D1	0.732	2023-2024-ACİL-TYT-AYT_Geometri_Soru_Bankası_p0031_q04.png	Dik kenarı 15 birim, hipotenüsü 25 birim olan üçgenin dik kenarı ile çakışık kırmızı bir parça diğer	Dik kenarı 15 birim, hipotenüsü 25 birim olan üçgenin dik kenarına iki çakışık kırmızı bir parça diğ	
0feceb39-8f0d-5816-8035-bdb44f02ee61	345 2024 Ayt Matematik Soru Bankası	113	12	12	5	D1	0.875	345_2024_Ayt_Matematik_Soru_Bankası_p0113_q05.png	Mavi renkli bir üçgenin uzunlukları 12 ve 18 birim olan kenarları arasındaki açının ölçüsü, kırmızı 	Mavi renkli bir üçgenin uzunlukları 12 ve 18 birim olan kenarları arasındaki açı ölçüsü, kırmızı ren	
a85e949f-d4f5-581a-9012-e64997adc251	Fizipedia Tyt Fizik Soru Bankası 2025	342	6	6	3	D1	0.917	Fizipedia_Tyt_Fizik_Soru_Bankası_2025_p0342_q03.png	Odak noktası F olan yakınsak merceğin önüne, boyları eşit olan K, L ve M cisimleri şekildeki gibi ko	Odağı noktası F olan yakınsak merceğin önüne, boyları eşit olan K, L ve M cisimleri şekildeki gibi k	
b5c6a826-9f03-5f31-8e78-378a3cdf78a8	Bilgi Sarmalı Tyt 2024 Fizik Soru Bankası	240	7	7	1	D1	0.811	Bilgi_Sarmalı_Tyt_2024_Fizik_Soru_Bankası_p0240_q01.png	Üzerinde delik bulunan X küresinin merkezine, ışık şiddeti $I$ olan noktasal ışık kaynağı şekildeki 	7. Üzerinde delik bulunan X küresinin merkezine, ışık şiddeti I olan noktasal ışık kaynağı şeklinde 	
e1ec958b-4487-58c2-9fe7-c2721a3742c1	Aktif Ogrenme 2023 2024 Biyoloji	61	10	10	4	D1	0.787	Aktif_Ogrenme_2023_2024_Biyoloji_p0061_q04.png	Aşağıdaki deney tüplerine eşit miktarda karaciğer farklı şekillerde (birincisine bütün halinde, ikin	Aşağıdaki deney tüplerine eşit miktarda karaciğer farklı şekillerde (birincisine bütün halinde, ikin	
7975c7eb-e8de-5c4d-984a-ad3dcb6f36ca	ACİL-2025-Matematiğin İlacı Sayılar-2	74	5	5	2	D1	0.903	ACİL-2025-Matematiğin_İlacı_Sayılar-2_p0074_q02.png	Bir asansör içinde yer alan kişilerin ağırlıklarının toplamı yük taşıma kapasitesini geçerse uyarı v	Bir asansör içinde yer alan kişilerin ağırlıklarının toplamı yük taşıma kapasitesini geçerse uyarı v	
3cbc2d03-83b8-5283-b843-91ff1efb8378	Orijinal-Tyt Ayt Geometri Soru Bankası	133	6	6	4	D1	0.788	Orijinal-Tyt_Ayt_Geometri_Soru_Bankası_p0133_q04.png	Yukarıdaki dik üçgenler benzer olup aynı renkli doğru parçalarının uzunlukları birbirine eşittir. Şe	Yukarıdaki dik üçgenler benzer olup aynı renkli doğru parçalarının uzunlukları birbirine eşittir.  *	
404860ad-7346-5102-9884-f1d4c9f24339	Orijinal-2024-Tyt Ayt-Fonksiyonlar	73	7	7	4	D1	0.8	Orijinal-2024-Tyt_Ayt-Fonksiyonlar_p0073_q04.png	Aşağıdaki dik koordinat düzleminde gri renkli dört özdeş dikdörtgen ile $f(x)$ ve $g(x)$ doğrusal fo	Aşağıdaki dik koordinat düzleminde gri renkli dört özdeş dikdörtgen ile f(x) ve g(x) doğrusal fonksi	
89184eb5-d79d-5f83-baa5-37848ba71378	Mikro Orijinal-2024-Tyt-Matematik Soru Bankası	300	10	10	2	D1	1.0	Mikro_Orijinal-2024-Tyt-Matematik_Soru_Bankası_p0300_q02.png	Venn şemasındaki boyalı bölgeyi ifade eden küme aşağıdakilerden hangisidir?	Venn şemasındaki boyalı bölgeyi ifade eden küme aşağıdakilerden hangisidir?	
677c61a8-e605-5246-ace7-3de551e16ca0	345 2024 Ayt Biyoloji Soru Bankası	296	9	9	2	D1	1.0	345_2024_Ayt_Biyoloji_Soru_Bankası_p0296_q02.png	İçerisinde üzüm suyu bulunan deney tüpüne, bira mayası hücreleri konularak uygun sıcaklıkta bekletil	İçerisinde üzüm suyu bulunan deney tüpüne, bira mayası hücreleri konularak uygun sıcaklıkta bekletil	
ff10565e-3cc5-59f1-9b6f-cf0b771ae416	Neofizik Tyt Soru Bankası	188	6	6	3	D1	0.964	Neofizik_Tyt_Soru_Bankası_p0188_q03.png	Derinlikleri kendi içinde sabit iki bölümden oluşan bir dalga leğeninde oluşturulan su dalgalarının 	Derinlikleri kendi içinde sabit iki bölümden oluşan bir dalga leğeninde oluşturulan su dalgalarının 	
42251af4-e560-52dc-8380-826a0b7b5c12	2023-2024-ACİL-TYT Matematik Soru Bankası	230	10	10	2	D1	0.795	2023-2024-ACİL-TYT_Matematik_Soru_Bankası_p0230_q02.png	Yanda bir kısmında yağ ve bir kısmında su olan silindir biçimindeki kabın görseli verilmiştir.  Kabı	Yanda bir kısmında yağ ve bir kısmında su olan silindir biçimindeki kabın görseli verilmiştir.  Kabı	
41315626-47d6-59c6-8af4-ecbf83847387	Aromat-2023-Ayt-Matematik Soru Bankası	255	6	6	2	D1	0.833	Aromat-2023-Ayt-Matematik_Soru_Bankası_p0255_q02.png	Gerçel sayılarda tanımlı $f$ fonksiyonunun dik koordinat düzlemindeki grafiği şekilde verilmiştir. B	Gerçel sayılarda tanımlı f fonksiyonunun dik koordinat düzlemindeki grafiği şekilde verilmiştir.  Bu	
a68259d6-d685-56f6-8346-62fe93099a3a	Neofizik Tyt Soru Bankası	52	6	6	3	D1	0.864	Neofizik_Tyt_Soru_Bankası_p0052_q03.png	Songül, fizik dersinde yaptığı deneyde, dar ağızlı bir şişenin içerisine yanmakta olan bir kağıt par	Songül, fizik dersinde yaptığı deneyde, dar ağızlı bir şişenin içersine yanmakta olan bir kağıt parç	
3f08b6c5-00b5-53ef-aad4-2fc36e7083ab	Aromat Ayt 2023 2024 Fizik Soru Bankası	117	8	8	4	D1	0.786	Aromat_Ayt_2023_2024_Fizik_Soru_Bankası_p0117_q04.png	Türdeş ve özdeş dört ince kare levha, x-y koordinat sistemine şekildeki gibi yerleştirilmiştir. Buna	Türdeş ve özdeş dört ince kare levha, x-y koordinat sistemine şekildedeki gibi yerleştirilmiştir.  B	
8b89a9e4-00b2-5c27-af07-02f9e9839765	Apotemi Tyt Ayt Kimya 2019-2020	49	12	12	5	D1	0.905	Apotemi_Tyt_Ayt_Kimya_2019-2020_p0049_q05.png	X element atomuna ait elektronların yer aldığı, katman ve alt katmanların enerjileri yukarıdaki diya	X element atomuna ait elektronların yer aldığı, kalın ve alt katmanların enerjileri yukarıdaki diyag	
b5feadf9-dc2c-584e-9846-3b220b92a0fa	CAP-2023-AYT-Matematik -AL-Soru Bankası	367	6	6	3	D1	0.781	CAP-2023-AYT-Matematik_-AL-Soru_Bankası_p0367_q03.png	$P(x)$ polinom fonksiyonunun grafiği aşağıda verilmiştir. Buna göre, ifadelerinden hangileri kesinli	P(x) polinom fonksiyonunun grafiği aşağıda verilmiştir.  Buna göre,  I. P(x) polinomunun derecesi en	
091ee617-c92e-57f0-ad89-f55d32b4ee85	345 Tyt Kimya Soru Bankası	61	9	9	2	D1	1.0	345_Tyt_Kimya_Soru_Bankası_p0061_q02.png	Periyodik sistemin A gruplarında olduğu bilinen X, Y ve Z elementlerinin periyot numarası - değerlik	Periyodik sistemin A gruplarında olduğu bilinen X, Y ve Z elementlerinin periyot numarası - değerlik	
ac183670-6da8-5462-aae5-6ed4f017ee81	345 2025 Tyt Ayt Geometri Soru Bankası 1	329	6	6	2	D1	1.0	345_2025_Tyt_Ayt_Geometri_Soru_Bankası_1_p0329_q02.png	Birim karelerden oluşan ve yukarıda bir kısmı verilmiş bir kağıdın üzerine, köşelerinden ikisi K ve 	Birim karelerden oluşan ve yukarıda bir kısmı verilmiş bir kağıdın üzerine, köşelerinden ikisi K ve 	
e6d2538d-3539-5b1e-9a78-17dbb351eb98	2020-2021-Acil-Problemlerin ilacı	9	12	12	5	D1	0.804	2020-2021-Acil-Problemlerin_ilacı_p0009_q05.png	Yarıçapı $r$ olan bir dairenin alanı $\pi \cdot r^2$ bağıntısı ile bulunur. Yukarıda üst kısımları d	Yarıçapı r olan bir dairenin alanı π · r² bağıntısı ile bulunur.  Yukarıda üst kısımları daire şekli	
5765ff6f-ce92-5cbd-bec6-bfdf5d7a792f	Full Matematik-Ayt-Matematik Soru Bankası	153	9	9	4	D1	0.941	Full_Matematik-Ayt-Matematik_Soru_Bankası_p0153_q04.png	Ali, bir pergolün sivri ucunu kağıt üzerindeki bir noktaya koyup pergelin açıklığını bozmadan çapı 2	Ali, bir pergelin sivri ucunu kağıt üzerindeki bir noktaya koyup pergel açıklığını bozmadan çapı 21 	
be11b800-9ffd-5a60-9ba8-752b5311da62	Bilgi Sarmalı-2023-2024-Tyt Ayt-Geometri Soru Bank	330	7	7	3	D1	0.844	Bilgi_Sarmalı-2023-2024-Tyt_Ayt-Geometri_Soru_Bankası_p0330_q03.png	Düzgün altıgen dik prizma şeklindeki hediye kutusuna genişliği 1 birim olan kırmızı renkli 3 şerit, 	Düzgün altıgen dik prizma şeklinde hediye kutusuna genişliği 1 birim olan kırmızı renkli 3 şerit, pr	
de50f35d-7531-595b-ad34-38d24fcf9ec7	C1CELL-2024-TYT-AYT-Geometri Soru Bankası	350	8	8	4	D1	0.771	C1CELL-2024-TYT-AYT-Geometri_Soru_Bankası_p0350_q04.png	Özdeş dikdörtgenler prizması biçimindeki tahta bloklardan $6$ tanesi birer yüzeyleri ortak olacak bi	Özdeş dikdörtgenler prizması biçimindeki lahta bloklardan 6 tanesi birer yüzeyleri ortak olacak biçi	
1f44db89-9f97-5726-8dc0-1943ecd0c443	Mikro Orijinal-Tyt Ayt-Geometri Soru Bankası 2	255	6	5	1	D2	1.0	Mikro_Orijinal-Tyt_Ayt-Geometri_Soru_Bankası_2_p0255_q01.png	Alanı 16 birimkare olan kare biçimindeki bir karton parçasının tamamı eş iki dikdörtgensel parçaya a	Alanı 16 birimkare olan kare biçimindeki bir karton parçasının tamamı eş iki dikdörtgensel parçaya a	
475f26dd-7576-5efa-b7c9-acf7f3edda76	Bilgi Sarmal 2024 Ayt Kimya Sopru Bankasi	64	9	9	4	D1	1.0	Bilgi_Sarmal_2024_Ayt_Kimya_Sopru_Bankasi_p0064_q04.png	Suyun faz diyagramı aşağıda verilmiştir. Buna göre, aşağıda verilen bilgilerden hangisi yanlıştır?	Suyun faz diyagramı aşağıda verilmiştir.  Buna göre, aşağıda verilen bilgilerden hangisi yanlıştır?	
153c192f-c0ba-5268-88db-f68260c89d6d	2023-2024 ACİL- AYT Matematik Soru Bankası	26	10	10	2	D1	0.718	2023-2024_ACİL-_AYT_Matematik_Soru_Bankası_p0026_q02.png	Bilgin, aşağıdaki duvar saatinin altına elektronik bir gösterge yapmıştır. Bu göstergede, duvar saat	10. Bilgin, aşağıdaki duvar saatinin altına elektronik bir gösterge yapmıştır. Bu göstergede, duvar 	
c7bb3306-47f6-56f5-b36a-d09359066676	C1CELL-2024-TYT-Matematik Soru Bankası	357	9	9	5	D1	1.0	C1CELL-2024-TYT-Matematik_Soru_Bankası_p0357_q05.png	Yukarıda verilen birim kareli zemin, her satırda mavi, yeşil ve kırmızı renk boyalı birer kare bulun	Yukarıda verilen birim kareli zemin, her satırda mavi, yeşil ve kırmızı renk boyalı birer kare bulun	
7983d562-2ac9-56b7-b8c2-2cf9ebf66811	ACİL-TYT-AYT-Geometri Soru Bankası	32	7	7	4	D1	0.818	ACİL-TYT-AYT-Geometri_Soru_Bankası_p0032_q04.png	Aşağıda verilen menü kitapçığının üst kapağı yukarıya doğru $38^\circ$ kaldırıldığında kapağın L ucu	Aşağıda verilen menü kitabının üst kapağı yukarıya doğru 38° kaldırıldığında kapağın L ucu A noktası	
1cdefae2-91f7-5f02-a331-ecdba281516d	Mikro Orijinal-2024-Tyt-Matematik Soru Bankası	131	8	6	4	D2	0.92	Mikro_Orijinal-2024-Tyt-Matematik_Soru_Bankası_p0131_q04.png	Aşağıda bir yazıcının eşit şekilde ölçeklendirilmiş mürekkep tankına ait iki farklı görsel verilmişt	Aşağıda bir yazıcının eşit şekilde ölçeklendirilmiş mürekkep tankına ait iki farklı görsel verilmişt	
9a5d578b-0d1a-52e9-9d50-520a76795e40	Esen 2024 Motivasyon Fizik 2	290	6	6	3	D1	0.87	Esen_2024_Motivasyon_Fizik_2_p0290_q03.png	Aşağıda bir görüntü teknolojisinin piksellerini oluşturan en küçük birimi verilmiştir. Bu görsel ile	Aşağıda bir görüntü teknolojisinin piksellerini oluşturan ve küçük birimi verilmiştir.  Bu görsel il	
b36d1753-9d71-59b8-bf36-92ec045fd4e5	Egsersiz Tyt Fizik Soru Bankası 2021	300	7	7	3	D1	0.736	Egsersiz_Tyt_Fizik_Soru_Bankası_2021_p0300_q03.png	I noktasal ışık kaynağı metal bir kürenin merkezine şekildeki gibi yerleştirildiğinde kürenin iç yüz	1. noktadaki ışık kaynağı metal bir kürenin merkezine şekildeki gibi yerleştirildiğinde kürenin iç y	
c3f7663e-adc0-5e01-bce8-80856d545b9c	Aromat Ayt 2023 2024 Fizik Soru Bankası	173	7	7	3	D1	0.884	Aromat_Ayt_2023_2024_Fizik_Soru_Bankası_p0173_q03.png	Sayfa düzlemine dik düzgün $\vec{B}$ manyetik alanına elektrik yüklü oldukları bilinen fakat yük işa	Sayfa düzlemine dik düzgün B manyetik alanına elektrik yüklü oldukları bilinen fakat yük işaretleri 	
c77ed117-83bf-54bc-9e13-5bb17c6928f4	Cap Tyt Fizik Soru Bankası 2023 2024	274	7	7	3	D1	0.93	Cap_Tyt_Fizik_Soru_Bankası_2023_2024_p0274_q03.png	Kübra ve Göksu kırmızı ışık yayan aynı lazer kaynağı ile kalın kenarlı merceklerin asal eksenine par	Kübra ve Göksu kırmızı ışık yayan aynı lazer kaynağı ile kalın kenarlı merceklerin asal eksenine par	
fa343e52-b681-52f8-9381-b31ff7d9781d	345 2025 Ayt Fizik Soru Bankası	319	8		3	D2	0.892	345_2025_Ayt_Fizik_Soru_Bankası_p0319_q03.png	Derinliği her yerinde aynı olan durgun bir göl yüzeyine özdeş taşlar iki farklı noktaya düşey doğrul	Derinliği her yerinde aynı olan durgun bir göl yüzeyine özdeş taşlar iki farklı noktaya düşey doğrul	
f70103d7-263d-58ca-87d8-968c9aa87afb	Full Matematik-2022-2023-Tyt Ayt-Geometri Soru Ban	101	9	9	2	D1	0.853	Full_Matematik-2022-2023-Tyt_Ayt-Geometri_Soru_Bankası_p0101_q02.png	Aşağıda Şekil 1'de bir yüzüğün yandan görünümü, Şekil 2'de ise üstten görünümü verilmiştir. Üst kısm	Aşağıda şekil 1 de bir yüzüğün yandan görünümü, şekil 2 de ise üstten görünümü verilmiştir.  Üst kıs	
255693ac-8db4-536a-8a5f-a1d5b862321f	2020-2021-ACİL-TYT Matematik Soru Bankası	236	7	7	2	D1	0.83	2020-2021-ACİL-TYT_Matematik_Soru_Bankası_p0236_q02.png	Talip, evinde iki tip lamba kullanmaktadır. Klasik lamba 20 watt, tasarruflu lamba 9 watt elektrik h	Talip, evinde iki tip lamba kullanmaktadır. Klasik lamba 20 watt, tasarruflu lamba 9 watt elektrik h	
e0f301c7-0f9a-509a-b01c-d3429bdf6859	Neofizik Ayt Fizik Soru Bankası 2025	102	5	5	1	D1	0.704	Neofizik_Ayt_Fizik_Soru_Bankası_2025_p0102_q01.png	Düşey düzlemdeki sistemde $2P$ ağırlığındaki eşit bölmeli ve türdeş çubuk $P$ ağırlığındaki çocuk il	Düzey düzlemede sistemde 2P ağırlığındaki eşit bölmeli ve türdeş çubuk O noktasındaki 3P ağırlığında	
250f3750-5946-5263-8868-33e8c54e7160	Esen Tyt FizikSoru Bankası	52	6	6	3	D1	0.873	Esen_Tyt_FizikSoru_Bankası_p0052_q03.png	Düz bir yolda birbirine paralel olarak $v_X$, $v_Y$, $v_Z$ büyüklüğündeki hızlarla hareket eden $\el	Düz bir yolda birbirine paralel olarak $v_x$, $v_y$, $v_z$ büyüklüğündeki hızlarla hareket eden X, Y	
a817e2ff-e194-5f22-b31a-9fbadd90aa1a	345 2025 Tyt Fizik Soru Bankası	105	9	7	3	D2	0.879	345_2025_Tyt_Fizik_Soru_Bankası_p0105_q03.png	Hava direncinin önemsenmediği bir ortamda, K noktasından serbest bırakılan bir oyuncak araba, şekild	Hava direncinin önemsenmediği bir ortamda, K noktasından serbest bırakılan bir oyuncak araba, şekild	
ec297140-a7e1-5746-b2b5-5677b3aafb87	Bilgi Sarmalı Tyt 2024 Fizik Soru Bankası	322	10	10	1	D1	0.781	Bilgi_Sarmalı_Tyt_2024_Fizik_Soru_Bankası_p0322_q01.png	Fizay Görsel Bilim Merkezi'ne giden Asaf ve Levent'in aralarında 20 m mesafe varken, Asaf X çukur ya	Feza Gürsey Bilim Merkezi'ne giden Asaf ve Levent'in aralarında 20 m mesafe varken, Asaf X çukur yan	
28e9d368-4091-5a02-a3a2-abd8779e8b8b	Pes PRofesyonel Anlam ve Problem Soruları 2020 202	72	9	9	1	D1	0.738	Pes_PRofesyonel_Anlam_ve_Problem_Soruları_2020_2021_p0072_q01.png	Üst üste konulmuş özdeş kutulardan oluşan 1. ve 2. bloktaki kutular yukarıdan aşağıya sırasıyla $6$ 	Üst üste konulmuş özdeş kutulardan oluşan 1. ve 2. bloktaki kutular yukarıdan aşağıya sırasıyla 6'nı	
23ea7b78-a41b-5b4d-8fd1-a388df56c30a	2023-2024 ACİL- AYT Matematik Soru Bankası	62	7	7	4	D1	0.704	2023-2024_ACİL-_AYT_Matematik_Soru_Bankası_p0062_q04.png	Aşağıdaki dik koordinat düzleminde bir parabol ve iki köşesi bu parabol üzerinde olan dik yamuk göst	Aşağıdaki dik koordinat düzleminde bir parabol ve iki köşesi bu parabol üzerinde olan dik yamuğu gös	
60f8dee4-6abd-5073-a8d0-95da9ea40c24	345 2025 Tyt Fizik Soru Bankası	261	5	5	1	D1	0.846	345_2025_Tyt_Fizik_Soru_Bankası_p0261_q01.png	Bir öğrenci, özkütleleri farklı K, L ve M cisimlerini suya A düzeyinden bırakıldığında, cisimlerin ş	Bir öğrenci, özkütleleri farklı K, L ve M cisimlerini suya A düzeyinden bıraktığında, cisimlerin şek	
07e018c8-a825-5d5e-970d-2ad1126b6384	Neofizik Tyt Soru Bankası	102	7	7	1	D1	0.712	Neofizik_Tyt_Soru_Bankası_p0102_q01.png	Gezgin ailesi İstanbul'dan doğrusal olmayan bir karayolu ile $180 \text{ km}$ uzaklıktaki Sakarya'nı	Gezgin ailesi İstanbul'dan doğrusal olmayan bir karayolu ile 180 km uzaklıktaki Sakarya'nın Karasu i	
83a59960-2bb0-588c-a89c-4a08009fc4f7	Aromat-2023-Ayt-Matematik Soru Bankası	291	5	5	2	D1	0.714	Aromat-2023-Ayt-Matematik_Soru_Bankası_p0291_q02.png	Gerçel sayılarda sürekli bir $f$ fonksiyonunun türevinin dik koordinat düzlemindeki grafiği şekilde 	Gerçel sayılarda sürekli bir f fonksiyonunun türevinin dik koordinat düzlemindeki grafiği şekilde gö	
37eccc66-0332-557d-b2c3-1c98c85759bc	ACİL-2025-Matematiğin İlacı Sayılar-2	76	5	5	1	D1	0.932	ACİL-2025-Matematiğin_İlacı_Sayılar-2_p0076_q01.png	Aşağıda görseli verilen demir çubuk, çubuğun kenarlarına paralel I ve II nolu çizgilerin herhangi bi	Aşağıda görseli verilen demir çubuk, çubuğun kenarlarına paralel I ve II nolu çizgilerin herhangi bi	
736f43f8-450f-551f-80e5-82e43c5728d0	Bilgi Sarmalı-2023-2024-Problemler Soru Bankası	94	11	11	3	D1	0.714	Bilgi_Sarmalı-2023-2024-Problemler_Soru_Bankası_p0094_q03.png	Bir otomobilin yokuş yukarı yolda, düz yolda ve yokuş aşağı yoldaki hızları sırasıyla saatte 60 km, 	Bir otomobilin yokuş yukarı yolda, düz yolda ve yokuş aşağı yoldeki hızları sırasıyla 60 km, 100 km 	
29d2a4b6-980c-5dd8-b1ef-3621f1a8941e	Esen Aps Fizik Soru Bankası 3	180	8	8	2	D1	0.804	Esen_Aps_Fizik_Soru_Bankası_3_p0180_q02.png	Karanlık bir ortamda aralarında $45^\circ$ derece açı olan iki perdenin önüne I ışık kaynağı şekilde	Karanlık bir ortamda aralarında 45° derece açı açılı iki perdenin önüne I ışık kaynağı şekildeki gib	
197ac3a7-4c20-5a21-b21e-e3e298b918c4	Bilgi Sarmal Ayt Tarih Soru Bankasi 2020 2021	54	12	12	6	D1	0.857	Bilgi_Sarmal_Ayt_Tarih_Soru_Bankasi_2020_2021_p0054_q06.png	Daha çok Türk askerlerin yerleştirildiği "avasım" eyaletleri haritada numaralarla gösterilen bölgele	Daha çok Türk askerlerin yerleştirildiği 'avâsım' eyaletleri haritada numaralarla gösterilen bölgele	
5387e131-7a0f-5106-b808-4812e8197747	Aromat Ayt 2023 2024 Fizik Soru Bankası	233	6	6	3	D1	0.737	Aromat_Ayt_2023_2024_Fizik_Soru_Bankası_p0233_q03.png	P ve R yaylarının uçlarına takılı $2m$ ve $m$ kütleli cisimler denge konumundan bir miktar çekilip b	P ve R yaylarının uçlarına takılı 2m ve m kütleli cisimler denge konumlarından bir miktar çekilip bı	
1b2809d3-18ef-53d7-ac72-da9c6fe32e5f	ACİL-2025-TYT-Soru Bankası	167	6	6	2	D1	0.755	ACİL-2025-TYT-Soru_Bankası_p0167_q02.png	Aşağıdaki siyah renkli kare, mavi çizgi ile üç eşit parçaya bölündükten sonra pembe çizgi ile $6$ eş	Aşağıdaki siyah renkli kare, mavi çizgi ile üç eşit parçaya bölündükten sonra pembe çizgi ile 6 eşit	
f5dae070-dded-5b0a-a1d2-a5dab2a87666	Aromat Tyt 2023 2024 Fizik Soru Bankası	133	6	6	3	D1	0.7	Aromat_Tyt_2023_2024_Fizik_Soru_Bankası_p0133_q03.png	Fatih, zıt yüklü iki adet bilyeden birisini, yere sabitlenmiş yalıtkan A ve B kutularından A kutusun	Fatih, zıt yüklü iki adet bilyeyi birbirine, yere sürtünmesiz yatay A ve B kutularının bir kutusuna 	
22739a83-7029-5b91-95f6-01475d4acaa1	Aromat -2023-2024-Matematik Soru Bankası	311	7	7	2	D1	0.95	Aromat_-2023-2024-Matematik_Soru_Bankası_p0311_q02.png	Elemanları doğal sayılar olan E evrensel kümesinin iki alt kümesi A ve B kümeleridir. Bu kümelerin b	Elemanları doğal sayılar olan E evrensel kümesinin iki alt kümesi A ve B kümeleridir.  Bu kümelerin 	
70a02877-69a3-5e51-ad19-2ad4ae043b7b	345 Tyt Ayt Geometri Soru Bankası	431	5	8	3	D2	0.714	345_Tyt_Ayt_Geometri_Soru_Bankası_p0431_q03.png	Özdeş 9 tane ikizkenar yamuktan 8 tanesi Şekil 1'deki gibi bir düzgün sekizgenin içine, 1 tanesi Şek	Özdeş 9 tane ikizkenar yamuktan 8 tanesi Şekil 1'deki gibi bir düzgün sekizgenin içine, 1 tanesi Şek	
8155ee3c-b24d-5bf1-9350-3cc5a6881f88	Esen Tyt Kimya Soru Bankası	90	6	6	2	D1	0.909	Esen_Tyt_Kimya_Soru_Bankası_p0090_q02.png	1 atmosfer basınç altındaki bir miktar buzun sabit ısıtıcı ile ısıtılmasına ait sıcaklık-zaman grafi	1 atmosfer basıncı altındaki bir miktar buzun sabit ısıtıcı ile ısıtılmasına ait sıcaklık-zaman graf	
e88f6d4e-7bf3-58b9-92fb-2a3d4e2d2a42	Orijinal-Tyt Ayt Geometri Soru Bankası	192	5	5	1	D1	0.714	Orijinal-Tyt_Ayt_Geometri_Soru_Bankası_p0192_q01.png	Üç kardeş, babalarından miras kalan paralelkenar biçimindeki arsayı eşit şekilde paylaşmak istemekte	Üç kardeş, babalarından miras kalan paralelkenar biçimindeki arsayı eşit şekilde paylaşmak istemekte	
95f92edc-bec4-52d4-a10d-b7c5303f103d	Full Matematik-2019-2020-Geometri Soru Bankası	193	9	9	2	D1	0.826	Full_Matematik-2019-2020-Geometri_Soru_Bankası_p0193_q02.png	Şekildeki açıölçerde $150^\circ$ nin gösterildiği noktadan indirilen dikmenin uzunluğu 6 cm dir. Bun	Şekildeki açıölçerde 150° nin gösterildiği noktadan indirilen dikmenin uzunluğu 6 cm dir.  Buna göre	
930ef5df-049f-5dea-8767-c9bee3ce6854	Esen Yks Motivasyon Kimya Soru Bankası	95	10	10	3	D1	1.0	Esen_Yks_Motivasyon_Kimya_Soru_Bankası_p0095_q03.png	Şekilde verilen kapta eklenen $C_2H_5OH$ sıvısının suda çözünmesi ile ilgili, I. Kimyasal bir olay g	Şekilde verilen kapta eklenen $C_2H_5OH$ sıvısının suda çözünmesi ile ilgili,  I. Kimyasal bir olay 	
13ec82da-82b1-5474-8415-feb50b49880e	Esen Ayt Fizik Soru Bankası	20	8	8	4	D1	0.917	Esen_Ayt_Fizik_Soru_Bankası_p0020_q04.png	Düzgün ve sabit hızla akan nehrin K noktasından suya göre $\vec{v}_x$ hızıyla yüzmeye başlayan X yüz	8. Düzgün ve sabit hızla akan nehrin K noktasından suya göre $\vec{v}_x$ hızıyla yüzmeye başlayan X 	
cc165d62-2973-5a2c-968e-1a86b335b74c	2020-2021-ACİL-TYT Matematik Soru Bankası	342	7	7	2	D1	0.8	2020-2021-ACİL-TYT_Matematik_Soru_Bankası_p0342_q02.png	Aşağıda pigmentlerle resim yapan ressamların farklı renkler elde etmek için kullandıkları "Renk Uzay	Aşağıda boya pigmentleriyle resim yapan ressamların farklı renk elde etmek için kullandıkları "Renk 	
c3fd14bd-6097-5b73-80d5-e6ec223de974	Egsersiz Tyt Fizik Soru Bankası 2021	72	6	6	1	D1	0.955	Egsersiz_Tyt_Fizik_Soru_Bankası_2021_p0072_q01.png	Domino taşları Şekil - 1'de yatay düzlemde hareketsiz durmaktayken Şekil - 2'deki gibi her bir taş b	Domino taşları Şekil - 1'de yatay düzlemde hareketsiz durmaktayken Şekil - 2'deki gibi her bir taş b	
5320a6ab-2ebd-5887-a10e-60f573440e6a	Esen Aps Fizik Soru Bankası 3	138	5	5	1	D1	0.8	Esen_Aps_Fizik_Soru_Bankası_3_p0138_q01.png	Aynı ortamda açık hava basıncı, öz kütleleri farklı X, Y, Z sıvıları kullanıldığı barometreler ile ö	Aynı ortamda açık hava basıncı, özkütleleri farklı X, Y, Z sıvılarının kullanıldığı barometreler ile	
