id	prev_image_url	prev_image_ocr_text
a6bedf0d-c3c2-5beb-b6f0-091f004e22ad		
38a5b945-79c4-51ba-a184-ead70de81faa		
a97f2615-30fa-5713-abea-7eda90385904		
7f84289e-c7e0-547e-b6e5-037e9ee6574d		
a0f19a90-513f-5ed4-89c2-ef9d49be8d89		
d088a335-82f4-59d5-94df-aeb3895b2ec3		
5bffce3f-98a5-5659-bb87-7efc95ae712d		
c7b36f67-481a-5e1e-be70-14fec655cf7c		
41c50ff9-33ae-5a82-9105-f43a0dd818e7		
417b1cbb-84da-5de6-9865-7327de604eac		
64100c8e-bac2-5b64-ba76-e2bb1d1c08dd		
6c8e41a4-0ff7-59b2-914d-9fb122377df0		
ed8a1533-96fb-504b-8d8b-4e60a10653d4		
cc35e9a1-cbc0-5d13-b929-51a773f48b7a		
f641aee4-0226-553a-bc73-2c8685e01291		
1bb6e1b8-5149-57f3-bb66-d6f3be5c4cd5		
f0ce8c3c-e225-5e92-9f56-62821c2203d8		
dadf4552-215a-568c-bcd8-a80b35748230		
e2a1a383-2613-5afd-87c8-5aa91f1da2e2		
0305e211-d565-512c-8106-393cb7100a92		
aca0ed21-9b42-57a5-8114-81e243630df2		
87a10cfb-1e50-5071-9231-bf6a005d1c32		
6747a88d-d3eb-506c-9d7a-17e787ac03aa		
d1cf79e7-3bef-5c3c-8261-83c1e04a3221		
05626a67-28bd-5f36-af27-65c4a925d5df		
9a32a1c8-0e34-58a5-bdba-21e6772d28ff		
b22c8249-3e80-5515-ba95-01ca3c8c0db1		
3e154bff-9ae5-57ea-8820-001e927d8f95		
4cb75be6-860a-5a1e-bcee-f400658af437		
faa9444a-14a9-5e63-a549-e2c78f9d7f96		
0de879cf-65eb-5091-b515-9ba5f5e8995d		
cd30f365-2e6e-5bd7-bbcc-e7448d22e9af		
64ccf986-496a-512a-a70e-ea9c96c6dca0		
dc35d066-92f8-562d-b7cf-20e80d198d5d		
ff3f1e13-b6fc-5cff-93d4-c02b9adbd020		
8dc1a05d-75bf-5e19-ac0d-529c0ce84ddf		
71c2a118-640b-508d-aee5-0e5d2c7e1b6c		
8e60f55d-e259-5eb1-a2c6-70d2efb5ad0d		
7af3dd04-256d-5a1e-9732-142749113d2c		
9d9d2b22-6e74-56d4-bd68-d0baa826f071		
66828ccd-0221-5446-a2fb-5fa268657090		
ff9e6712-6f78-5dde-babf-510f8b9edf83		
fe3a423a-3fa7-5e7c-a18e-83081b604321		
60ddcedb-90bd-5d91-881e-8d171938b66b		
5ae4cf29-8340-5fe7-bf32-d46855de3aeb		
b61d9f39-18d6-5d7c-a185-ef15a5798752		
7fff00d0-2493-5b9a-9c85-9a3aed901f16		
4f741970-d133-516d-af5c-43d3ceabd0bc		
aa62ea1c-8c18-541e-b249-68b87e847cd0		
67f6b45c-fd49-58b4-ae27-fc6748c711cc		
d6a26845-d026-5122-9d28-ea0bc8336129		
8db3b767-35e5-595f-b2c6-42f59a0520a5		
f0420ec9-f51c-5abe-9097-8d3331086962		
b311e228-546f-5704-8b52-ace3442045d7		
c116634b-8639-5387-92ce-8b48a2abcb2a		
68b6b26d-ffae-5ee3-abaf-b7d8c718acbb		
95c18ba7-3222-5953-851f-df496b7e2598		
8b6355d9-72f5-50a2-a487-a0d10d72b204		
78c5aa4f-fdf2-50ee-a1ba-732dbe661775		
f274be26-7346-51f0-a40a-9aef27be57b3		
443cf18e-31c4-5b1f-aa7c-b36cc3e4bb44		
66e45255-a9cc-599b-a0d5-02453eb5cb32		
8de9ada9-ff39-5c23-9f64-d7c8bc349393		
99fdfba1-9a64-5fb5-b56e-7b5314807439		
db5661e9-a6ac-5a3f-a5ec-ac731a1d64b6		
18a14f33-38b7-512e-b7e3-f9195c72161c		
cdf48f57-33a0-5328-9937-dc48b040ce82		
8a050e1c-0006-577c-8138-0f4a2e7d3498		
9a515095-4c2c-5232-b6f3-1491315818e4		
f084cc34-c2e0-5430-8b4c-3cfeef07f522		
a7beba2b-341d-5ce2-a324-77c63bf3e1f1		
d43e10a2-64a0-5250-acfc-b8a8d1250b88		
758189d8-2e1e-5be7-a856-4c32bb310f85		
5f774db0-8fb4-50a3-828c-4e4629761c5b		
c8987444-7a06-5300-a293-574e6924eca8		
17b42e4b-f4e4-5535-ba5e-cd3d7d3b9cd2		
65d2736f-1084-5541-b0f5-a50fafe92d5b		
e97419eb-897e-5ee5-b82b-96cab58026b3		
