id	v1_sim	v2_sim	delta	v2_class	correct_answer	qtext_full	ocr_full	image_url
3206995e-9c4c-5820-b41d-259e2fb5806d	0.421	0.571	+0.150	v2_substantive	D	ABC ve EDB dik üçgen, $[AH] \perp [AC]$, $[ED] \perp [AB]$, $|AH| = |BC|$, $|BE| = 6$ birim, $|EH| = 3$ birim. Buna göre, $|HC| = x$ kaç birimdir?	ABC ve EDB dik üçgen, [AB]⊥[AC], [ED]⊥[AB], [AH]⊥[BC], |BE| = 6 birim, |EH| = 3 birim  Buna göre, |HC| = x kaç birimdir?	/static/crops/Bilgi_Sarmalı-Tyt_Ayt-Geometri_Soru_Bankası/Bilgi_Sarmalı-Tyt_Ayt-Geometri_Soru_Bankası_p0100_q04.png
0cb27b74-cf55-5703-9ed4-3a3327de1204	0.769	0.667	-0.102	v2_substantive	E	$m(\widehat{BAD}) = 40^{\circ}$ $m(\widehat{ABC}) = 30^{\circ}$ $m(\widehat{DCB}) = 10^{\circ}$ Şekildeki iki üçgen benzer olduğuna göre, $m(\widehat{ACD}) = x$ kaç derecedir?	$m(\widehat{BAD}) = 40°$ $m(\widehat{ABC}) = 30°$ $m(\widehat{DCB}) = 10°$  Şekildeki iki üçgen benzer olduğuna göre, $m(\widehat{ACD}) = x$ kaç derecedir?	/static/crops/Mikro_Orijinal-2025-Ayt-Geometri_Soru_Bankası/Mikro_Orijinal-2025-Ayt-Geometri_Soru_Bankası_p0127_q05.png
769a77c4-5a8e-5109-a0d9-42f4cd099a82	0.632	0.800	+0.168	v2_moderate	A	ABCD dörtgen, $[AB] \perp [AD]$, $[DC] \perp [BC]$, $m(\widehat{ABC}) = 60^\circ$, $|AD| = 2\sqrt{3}$ cm, $|DC| = 3\sqrt{3}$ cm. Yukarıdaki verilere göre, $|BC| = x$ kaç cm'dir?	ABCD dörtgen [AB] ⊥ [AD] [DC] ⊥ [BC] m(ÂBC) = 60° |AD| = 2√3 cm |DC| = 3√3 cm  Yukarıdaki verilere göre, |BC| = x kaç cm'dir?	/static/crops/Orijinal-Tyt_Ayt_Geometri_Soru_Bankası/Orijinal-Tyt_Ayt_Geometri_Soru_Bankası_p0033_q04.png
695b9111-41e8-510b-9962-956e3a0d5171	0.515	0.579	+0.064	v2_substantive	C	ABC üçgendir. Buna göre, I. $|AB|=|AC|=k$ ve $90^{\circ} \le m(\widehat{BAC}) \le 120^{\circ}$ ise $k\sqrt{2} \le |BC| \le k\sqrt{3}$ tür. II. $m(\widehat{ACB})=30^{\circ}$ ve $[BA] \perp [AC]$ ise $|BC|=2|AB|$ dir. III. $[AB] \perp [AC]$ ve $m(\widehat{ACB})=15^{\circ}$ ise $|BC|$ uzunluğu A köşesine ait yüksekliğin 4 katıdır. ifadelerinden hangileri doğrudur?	10. ABC üçgendir.  Buna göre,  I. |AB| = |AC| = k ve 90º ≤ m(BÂC) ≤ 120º ise k√2 ≤ |BC| ≤ k√3 tür. II. m(AĈB) = 30º ve [BA] ⊥ [AC] ise |BC| = 2|AB| dir. III. [AB] ⊥ [AC] ve m(AĈB) = 15º ise |BC| uzunluğu A köşesine ait yüksekliğin 4 katıdır.  ifadelerinden hangileri doğrudur?	/static/crops/CAP-2022-2023-TYT_AYT-Geometri_Soru_Bankası/CAP-2022-2023-TYT_AYT-Geometri_Soru_Bankası_p0035_q04.png
60c52392-7dc2-5f15-b21d-9300b4073a56	0.571	0.846	+0.275	v2_moderate	C	ABCD kare, [AC] köşegen, $|EF| = |AC|$, $|EF| = 3$ cm, $|AF| = 5$ cm olduğuna göre, $|AB| = x$ kaç santimetredir?	11. ABCD kare [AC] köşegen [EF] ⊥ [AC] |EF| = 3 cm |AF| = 5 cm olduğuna göre, |AB| = x kaç santimetredir?	/static/crops/Mikro-2024-Tyt_Ayt-Geometri_Soru_Bankası/Mikro-2024-Tyt_Ayt-Geometri_Soru_Bankası_p0257_q06.png
3d20d44b-28fa-5dde-aea1-f65151c09eab	0.857	0.812	-0.044	v2_moderate	B	ABCD yamuk $AB \parallel DC$ $GH \parallel EF$ $|DE| = |EA|$ $|CF| = |FB|$ $|GH| = 4$ birim $|EF| = 7$ cm olduğuna göre, Alan(ABCD) kaç $cm^2$ dir?	ABCD yamuk AB // DC GH ⊥ EF |DE| = |EA| |CF| = |FB| |GH| = 4 cm |EF| = 7 cm  olduğuna göre, Alan(ABCD) kaç cm² dir?	/static/crops/345_2025_Tyt_Ayt_Geometri_Soru_Bankası_1/345_2025_Tyt_Ayt_Geometri_Soru_Bankası_1_p0247_q04.png
2e6437d2-74e0-5975-8f90-128b946a439c	0.278	0.500	+0.222	v2_substantive	C	ABC üçgen, $[DE]\perp[BC]$, $|AB|=|AD|=|DC|$, $|BE|=|EC|$. Yukarıdaki verilere göre, $m(\widehat{CDE})=\alpha$ kaç derecedir?	ABC üçgen, [DE] ⊥ [BC], |AB| = |AD| = |DC|, |BE| = |EC| Yukarıdaki verilere göre, m(CDE) = α kaç derecedir?	/static/crops/Full_Matematik-2019-2020-Geometri_Soru_Bankası/Full_Matematik-2019-2020-Geometri_Soru_Bankası_p0021_q03.png
f1278f7f-bf39-58cd-bd55-52e4de778678	0.500	0.625	+0.125	v2_substantive	E	ABCD deltoid $|AB| = |BC|$ $m(\widehat{ADB}) = 55^ ext{o}$ $m(\widehat{DBC}) = 30^ ext{o}$ olduğuna göre, $m(\widehat{BCD}) = x$ kaç derecedir?	ABCD deltoid |AB| = |BC| m(A͡DB) = 55° m(D͡BC) = 30° olduğuna göre, m(B͡CD) = x kaç derecedir?	/static/crops/Mikro-2024-Tyt_Ayt-Geometri_Soru_Bankası/Mikro-2024-Tyt_Ayt-Geometri_Soru_Bankası_p0243_q01.png
2797cc39-b9af-5400-b59a-4d1abb45766a	0.312	0.294	-0.018	v2_severe	D	$|AB|=|AD|$, $|AC|=|AE|$, $m(\widehat{ABC})=32^\circ$, $m(\widehat{DEC})=38^\circ$. Yukarıdaki verilere göre, $\alpha$ kaç derecedir?	|AB| = |AD| |AC| = |AE| m(\widehat{ACB}) = 32° m(\widehat{DEC}) = 38°  Yukarıdaki verilere göre, α kaç derecedir?	/static/crops/Orijinal-Tyt_Ayt_Geometri_Soru_Bankası/Orijinal-Tyt_Ayt_Geometri_Soru_Bankası_p0087_q05.png
bc11f498-4e7c-5939-ad63-82b3e1288d1f	0.688	0.824	+0.136	v2_moderate	A	ABC üçgen $|EB| = 3$ cm $|DC| = 4$ cm $|AC| = 6$ cm $[AD]$, $[EC]$'nin kenar orta dikmesi olduğuna göre; $|BD|$ kaç cm'dir?	ABC üçgen |EB| = 3 cm |DC| = 4 cm |AC| = 6 cm  [AD], [EC]'nin kenar orta dikmesi olduğuna göre; |BD| kaç cm'dir?	/static/crops/345_2025_Tyt_Ayt_Geometri_Soru_Bankası_1/345_2025_Tyt_Ayt_Geometri_Soru_Bankası_1_p0173_q03.png
0e81db1c-b4d0-538b-9517-d91aa32c94a9	0.308	0.500	+0.192	v2_substantive	C	$BD \perp AE$, $EF \perp AB$, $|AF|=9$ birim, $|BF|=8$ birim, $|CF|=6$ birim. Buna göre, $|CE|$ kaç birimdir?	BD ⊥ AE EF ⊥ AB |AF| = 9 birim |BF| = 8 birim |CF| = 6 birim  Buna göre, |CE| kaç birimdir?	/static/crops/2020-2021-Acil-Tyt_Ayt_Geometrinin_ilacı_Soru_Bankası/2020-2021-Acil-Tyt_Ayt_Geometrinin_ilacı_Soru_Bankası_p0082_q03.png
0e0acaf4-d8f0-59b2-b443-aec1af6d5012	0.538	0.733	+0.195	v2_moderate	D	ABC üçgen $|AD| = |AB| = |BE|$ $m(\widehat{ABC}) = 80^ ext{o}$ $m(\widehat{ACB}) = 40^ ext{o}$ Buna göre, $x$ kaç derecedir?	7.  ABC üçgen |AD| = |AB| = |BE| m(A$\hat{B}$C) = 80° m(A$\hat{C}$B) = 40° m(D$\hat{E}$B) = x  Buna göre, x kaç derecedir?	/static/crops/2023-2024-ACİL-TYT-AYT-Geometrinin_İlacı/2023-2024-ACİL-TYT-AYT-Geometrinin_İlacı_p0018_q01.png
29783b66-d9b7-5927-8ba1-3f1e88b66f13	0.238	0.550	+0.312	v2_substantive	E	ABCD dörtgen, $[AD]\parallel[CD]$, $[AB]\parallel[CE]$, $|AE|=9$ cm, $|CD|=6$ cm. Yukarıdaki verilere göre, Alan$(BCE)$ kaç $cm^2$ dir?	ABCD dörtgen [AD] ⊥ [CD] [AB] // [CE] |AE| = 9 cm |CD| = 6 cm  Yukarıdaki verilere göre, Alan(BCE) kaç cm² dir?	/static/crops/Orijinal-Tyt_Ayt_Geometri_Soru_Bankası/Orijinal-Tyt_Ayt_Geometri_Soru_Bankası_p0123_q06.png
5ef86f95-2a54-529a-a4d5-4b04290d68d3	0.407	0.462	+0.055	v2_severe	D	ABCD ikizkenar yamuk, $[AD] \parallel [BC]$, $[EF] \parallel [AB]$, $|AD|=3 \text{ birim}$, $|FB|=10 \text{ birim}$, $|EF|=8 \text{ birim}$'dir. Buna göre, ABCD yamuksal bölgesinin alanı kaç birimkaredir?	ABCD ikizkenar yamuk, [AB] // [DC], [EF]⊥[AB]. |AD| = |BC|, |DE| = 3 birim, |FB| = 10 birim, |EF| = 8 birim Buna göre, ABCD yamuksal bölgesinin alanı kaç birimkaredir?	/static/crops/Bilgi_Sarmalı-Tyt_Ayt-Geometri_Soru_Bankası/Bilgi_Sarmalı-Tyt_Ayt-Geometri_Soru_Bankası_p0242_q02.png
64ccf986-496a-512a-a70e-ea9c96c6dca0	0.750	0.769	+0.019	v2_moderate	B	ABCD kare $[EC] \perp [EB]$ $|EC| = 12$ cm $|EB| = 5$ cm olduğuna göre, Alan$(ABCD)$ kaç santimetrekaredir?	14. ABCD kare [EC] ⊥ [EB] |EC| = 12 cm |EB| = 5 cm  olduğuna göre, Alan(ABCD) kaç santimetrekaredir?	/static/crops/Mikro-2024-Tyt_Ayt-Geometri_Soru_Bankası/Mikro-2024-Tyt_Ayt-Geometri_Soru_Bankası_p0259_q04.png
dda8b3c6-814b-5d26-8171-b7867d568eee	0.471	0.533	+0.062	v2_substantive	B	ABCD ve EBCF paralelkenar, $|EG|=|GF|$, $|FC|=4$ cm, $|DF|=8$ cm. D, G ve H doğrusal olduğuna göre, $\frac{|BC|}{|BH|}$ kaçtır?	ABCD ve EBCF paralelkenar |EG| = |GF| |FC| = 4 cm |DF| = 8 cm  D, G ve H doğrusal olduğuna göre, $\frac{|BC|}{|BH|}$ kaçtır?	/static/crops/345_2025_Tyt_Ayt_Geometri_Soru_Bankası_1/345_2025_Tyt_Ayt_Geometri_Soru_Bankası_1_p0331_q03.png
0cdcd1d9-f3d2-5e8b-92f8-201669842afb	0.429	0.500	+0.071	v2_substantive	E	ABC üçgen, $m(\widehat{ABC}) = 30^\circ$, $|AB| = 14$ cm, $|DC| = 12$ cm. Yukarıda verilenlere göre, Alan($\widehat{ADC}$) kaç $cm^2$ dir?	ABC üçgen m(A͡BC) = 30° |AB| = 14 cm |DC| = 12 cm  Yukarıda verilenlere göre, Alan(ADC) kaç cm² dir?	/static/crops/Orijinal-Tyt_Ayt_Geometri_Soru_Bankası/Orijinal-Tyt_Ayt_Geometri_Soru_Bankası_p0117_q01.png
f72b8d33-0950-5a5c-b81c-520700768244	0.348	0.500	+0.152	v2_substantive	C	ABC üçgen, $[AD] \cap [CF] = \{E\}$, $S_1$ ve $S_2$ bulundukları bölgelerin alan değerleri, $|AF|=6$ cm, $|DC|=4$ cm, $|BD|=2$ cm, $|FB|=x$ cm. $S_1=S_2$ olduğuna göre, $x$ kaçtır?	ABC üçgen [AD] ∩ [CF] = {E} S₁ ve S₂ bulundukları bölgelerin alan değerleri |AF| = 6 cm |DC| = 4 cm |BD| = 2 cm |FB| = x cm  S₁ = S₂ olduğuna göre, x kaçtır?	/static/crops/345_2025_Tyt_Ayt_Geometri_Soru_Bankası_1/345_2025_Tyt_Ayt_Geometri_Soru_Bankası_1_p0207_q03.png
55a65aa2-22bc-5594-98d6-d299fc708229	0.381	0.722	+0.341	v2_moderate	C	ABCD yamuk, $[AB] // [DC]$, $[BE]$ açıortay, $|AD| = |BC|$, $m(\widehat{ADC}) = 110^\circ$. Yukarıdaki verilere göre, $m(\widehat{AEB}) = x$ kaç derecedir?	ABCD yamuk [AB] // [DC] [BE] açıortay |AD| = |BC| m(ADC) = 110°  olduğuna göre, m(AEB) = x kaç derecedir?	/static/crops/Mikro-2024-Tyt_Ayt-Geometri_Soru_Bankası/Mikro-2024-Tyt_Ayt-Geometri_Soru_Bankası_p0210_q06.png
bae71618-47ba-5d32-9063-61f68a42137f	0.462	0.438	-0.025	v2_severe	E	ABCD dikdörtgen $|EC|=10$ cm $|EB|=17$ cm $|ED|^2+|EA|^2=261$ cm$^2$ olduğuna göre, Çevre(ABCD) kaç cm'dir?	ABCD dikdörtgen |EC| = 10 cm |EB| = 17 cm |ED|² + |EA|² = 261 cm²  olduğuna göre, Çevre(ABCD) kaç cm'dir?	/static/crops/345_Tyt_Ayt_Geometri_Soru_Bankası/345_Tyt_Ayt_Geometri_Soru_Bankası_p0363_q03.png
6044d43c-7064-574c-b2ae-c7925385bb51	0.500	0.600	+0.100	v2_substantive	A	ABCD kare, $[AH] \perp [BE]$, $|DE|=1$ cm ve $|EC|=3$ cm dir. Yukarıdaki verilere göre, $|AH|=x$ kaç cm dir?	8. ABCD kare, [AH] ⊥ [BE], |DE| = 1 cm ve |EC| = 3 cm dir.  Yukarıdaki verilere göre, |AH| = x kaç cm dir?	/static/crops/CAP-2022-2023-TYT_AYT-Geometri_Soru_Bankası/CAP-2022-2023-TYT_AYT-Geometri_Soru_Bankası_p0183_q05.png
c76ddb8a-5cca-5fa3-a93b-f60fbd294fe3	0.400	0.600	+0.200	v2_substantive	B	ABCD dikdörtgen, [CE] açıortay, $|EB|=3$ cm, $|AC|=10$ cm olduğuna göre, Alan(DAE) kaç $\text{cm}^2$ dir?	ABCD dikdörtgen [CE] açıortay |EB| = 3 cm |AC| = 10 cm  olduğuna göre, Alan(DAE) kaç cm² dir?	/static/crops/345_Tyt_Ayt_Geometri_Soru_Bankası/345_Tyt_Ayt_Geometri_Soru_Bankası_p0377_q02.png
7833ac8c-828f-52c6-a103-0708b32a6b02	0.208	0.435	+0.227	v2_severe	D	ABC ve DEF birer üçgen. $|AC|=|FE|$, $|BF|=6$ birim, $|FC|=4$ birim, $m(\widehat{ABD})=m(\widehat{BDE})$, $m(\widehat{ACB})=m(\widehat{DFE})$. Buna göre, $|BD|$ kaç birimdir?	8. ABC ve DEF birer üçgen  |AC| = |FE|  |BF| = 6 birim  |FC| = 4 birim  m(ÂBD) = m(B̂DE)  m(ÂCB) = m(D̂FE)  Buna göre, |BD| kaç birimdir?	/static/crops/2020-2021-Acil-Tyt_Ayt_Geometrinin_ilacı_Soru_Bankası/2020-2021-Acil-Tyt_Ayt_Geometrinin_ilacı_Soru_Bankası_p0024_q04.png
028392e2-66be-56fa-b1d7-94eaa4904af9	0.471	0.750	+0.279	v2_moderate	D	ABC dik üçgeninde, $[AB]\perp[BC]$ ve $|AC|=2|BD|=|DC|$ olarak veriliyor. Buna göre, $\frac{m(\widehat{ACB})}{m(\widehat{BAD})}$ oranı kaçtır?	ABC dik üçgeninde. [AB] ⊥ [BC] ve |AC| = 2|BD| + |DC| olarak veriliyor. Buna göre, $\frac{m(\widehat{ACB})}{m(\widehat{BAD})}$ oranı kaçtır?	/static/crops/C1CELL-2024-TYT-AYT-Geometri_Soru_Bankası/C1CELL-2024-TYT-AYT-Geometri_Soru_Bankası_p0038_q05.png
4609f93c-0b7b-52dd-9bd2-fd0efffc983a	0.235	0.533	+0.298	v2_substantive	C	ABC üçgen, $AB \perp CB$, $m(\widehat{ACB})=m(\widehat{DAB})$, $|CD|=5$ birim, $|DB|=4$ birim. Buna göre, $|AB|$ kaç birimdir?	ABC üçgen AB ⊥ CB m(AĈB) = m(DÂB) |CD| = 5 birim |DB| = 4 birim  Buna göre, |AB| kaç birimdir?	/static/crops/2020-2021-Acil-Tyt_Ayt_Geometrinin_ilacı_Soru_Bankası/2020-2021-Acil-Tyt_Ayt_Geometrinin_ilacı_Soru_Bankası_p0082_q02.png
bc5f5bcf-9db1-5922-ba44-8fce993fb3a9	0.526	0.765	+0.239	v2_moderate	D	ABCD paralelkenar, $[AC]$ köşegen, $[DF]$, $|EF| = |FC| = 6 \text{ cm}$, $Alan(ADF) = Alan(BEC)$ olduğuna göre, $|DE| = x$ kaç $\text{cm}^2$ dir?	ABCD paralelkenar [AC] köşegen [AD] ⊥ [DF] |EF| = |FC| = 6 cm  Alan(ADF) = Alan(BEC)  olduğuna göre, |DE| = x kaç cm'dir?	/static/crops/345_2025_Tyt_Ayt_Geometri_Soru_Bankası_1/345_2025_Tyt_Ayt_Geometri_Soru_Bankası_1_p0304_q06.png
965c63b1-2b1b-5feb-910b-5c30833340ec	0.348	0.524	+0.176	v2_substantive	D	ABC üçgeninde $[AB] \perp [BC]$, $[AH] \perp [BD]$, $|AD|=|DC|$, $|BH|=4$ cm, $|DH|=6$ cm dir. Yukarıdaki verilere göre, $A(\overset{\triangle}{ABC})$ kaç $\text{cm}^2$ dir?	ABC üçgeninde [AB] ⊥ [BC], [AH] ⊥ [BD], |AD| = |DC| |BH| = 4 cm, |DH| = 6 cm dir.  Yukarıdaki verilere göre, A(ABC) kaç cm² dir?	/static/crops/Full_Matematik-2019-2020-Geometri_Soru_Bankası/Full_Matematik-2019-2020-Geometri_Soru_Bankası_p0099_q01.png
44837e40-7a18-58ac-89a8-3af77e0d622a	0.471	0.765	+0.294	v2_moderate	B	ABC üçgen, $[DE] \perp [AC]$, $|AB| = |DC|$, $|AE| = |EC|$, $m(\widehat{ABC}) = 78^\circ$. olduğuna göre, $m(\widehat{EDC})$ kaç derecedir?	ABC üçgen [DE] ⊥ [AC] |AB| = |DC| |AE| = |CE| m(ABC) = 78°  olduğuna göre, m(EDC) = x kaç derecedir?	/static/crops/Mikro-2024-Tyt_Ayt-Geometri_Soru_Bankası/Mikro-2024-Tyt_Ayt-Geometri_Soru_Bankası_p0046_q08.png
5cbce013-7986-537d-b51d-e319f9de5540	0.533	0.588	+0.055	v2_substantive	A	ABC üçgen $DE \parallel BC$ $[AF]$ açıortay $|AE|=6$ birim $|EC|=8$ birim $|DF|=3$ birim Buna göre, $|BC|$ kaç birimdir?	ABC üçgen DE // BC [AF] açıortay |AE| = |EC| = 8 birim |BD| = 6 birim |DF| = 3 birim  Buna göre, |BC| kaç birimdir?	/static/crops/2023-2024-ACİL-TYT-AYT-Geometrinin_İlacı/2023-2024-ACİL-TYT-AYT-Geometrinin_İlacı_p0068_q02.png
94d43be3-e6e8-523e-9292-48b1eea9684e	0.235	0.500	+0.265	v2_substantive	D	$ABC$ üçgen, $[CD]$ açıortay, $m(\widehat{FAC})=32^{\circ}$, $|AD|=|AE|$ olduğuna göre, $m(\widehat{ABC})=\alpha$ kaç derecedir?	ABC üçgen [CD] açıortay m(FÂC) = 32° |AD| = |AE|  olduğuna göre, m(A͡BC) = α kaç derecedir?	/static/crops/345_Tyt_Ayt_Geometri_Soru_Bankası/345_Tyt_Ayt_Geometri_Soru_Bankası_p0029_q04.png
