id	confidence	reasons	length_ratio	correct_answer	qtext_preview	ocr_preview	image_url
03d10203-5714-5612-b2a4-347ac53f2de5	high	italic_i_segment	1.142	B	O merkezli çember ADO üçgen $AO \perp OD$ $OC = AB$ $|OCI| = 12$ birim $|ODI| = 15$ birim Buna göre, $|DB|$ kaç birimdir	O merkezli çember ADO üçgen AO ⊥ OD OC ⊥ AB |OC| = 12 birim |OD| = 15 birim  Buna göre, |DB| kaç birimdir?	/static/crops/2020-2021-Acil-Tyt_Ayt_Geometrinin_ilacı_Soru_Bankası/2020-2021-Acil-Tyt_Ayt_Geometrinin_ilacı_Soru_Bankası_p0196_q01.png
06133c2a-6f61-5e90-97cc-7543374ca60f	high	italic_i_segment	1.118	C	ABC üçgen, $AE \perp BC$, $EF \parallel DB$, $|DE|=|EC|=8$ birim, $|EFI|=2$ birim. Buna göre, $|AD|$ kaç birimdir?	ABC üçgen AB ⊥ BC BD ⊥ AC EF // DB |DE| = |EC| = 8 birim |EF| = 2 birim  Buna göre, |AD| kaç birimdir?	/static/crops/2023-2024-ACİL-TYT-AYT-Geometrinin_İlacı/2023-2024-ACİL-TYT-AYT-Geometrinin_İlacı_p0044_q03.png
07d4229e-1b04-5893-9f07-bc008458b342	high	broken_text_o	1.396	A	ABC üçgen $[AD]$ iç açıortay $|EC| = |CD|$ $m(\widehat{ADE}) = 37^ ext{o}$ $m(\widehat{ABC}) = x$ Buna göre, $x$ kaç der	ABC üçgen [AD] iç açıortay |EC| = |CD| m(AÊD) = 37° m(AÊC) = x  Buna göre, x kaç derecedir?	/static/crops/2020-2021-Acil-Tyt_Ayt_Geometrinin_ilacı_Soru_Bankası/2020-2021-Acil-Tyt_Ayt_Geometrinin_ilacı_Soru_Bankası_p0020_q04.png
0e0acaf4-d8f0-59b2-b443-aec1af6d5012	high	broken_text_o	1.016	D	ABC üçgen $|AD| = |AB| = |BE|$ $m(\widehat{ABC}) = 80^ ext{o}$ $m(\widehat{ACB}) = 40^ ext{o}$ Buna göre, $x$ kaç derece	7.  ABC üçgen |AD| = |AB| = |BE| m(A$\hat{B}$C) = 80° m(A$\hat{C}$B) = 40° m(D$\hat{E}$B) = x  Buna göre, x kaç derecedi	/static/crops/2023-2024-ACİL-TYT-AYT-Geometrinin_İlacı/2023-2024-ACİL-TYT-AYT-Geometrinin_İlacı_p0018_q01.png
0f4573dc-3ef7-5316-8cf4-0a26f90cc128	high	italic_i_brackets	1.278	B	ABC dik üçgen, $AB \perp AC$, $ED \perp BC$, $CD = IDBI$, $|AE| = 3$ birim, $|EB| = 5$ birim. Buna göre, $A(\text{AED})$	ABC dik üçgen AB ⊥ AC ED ⊥ BC |CD| = |DB| |AE| = 3 birim |EB| = 5 birim  Buna göre, A(AED) kaç birimkaredir?	/static/crops/2023-2024-ACİL-TYT-AYT-Geometrinin_İlacı/2023-2024-ACİL-TYT-AYT-Geometrinin_İlacı_p0100_q01.png
112c6ced-9073-5888-9037-983fa0237904	high	broken_text_o	1.488	A	ABC üçgen $AD \perp BC$ $|AC| = |BC|$ $m(\widehat{ACB}) = 20^ ext{o}$ $m(\widehat{BAD}) = x$ Buna göre, $x$ kaç derecedi	ABC üçgen AD ⊥ BC |AC| = |BC| m(ACB) = 20° m(BAD) = x  Buna göre, x kaç derecedir?	/static/crops/2023-2024-ACİL-TYT-AYT-Geometrinin_İlacı/2023-2024-ACİL-TYT-AYT-Geometrinin_İlacı_p0014_q03.png
1343ec68-e426-5c7b-8a95-e9615f97a6f6	high	broken_text_o	1.505	A	ABC dik üçgen $AC \perp CB$ $m(\widehat{ADC}) = 30^ ext{o}$ $|BD| = 2$ birim $m(\widehat{BAC}) = 75^ ext{o}$ Buna göre, 	ABC dik üçgen AC ⊥ CB m(ADC) = 30° |BD| = 2 birim m(BAC) = 75°  Buna göre, |AC| kaç birimdir?	/static/crops/2020-2021-Acil-Tyt_Ayt_Geometrinin_ilacı_Soru_Bankası/2020-2021-Acil-Tyt_Ayt_Geometrinin_ilacı_Soru_Bankası_p0048_q03.png
15996f80-a535-5c04-8625-5c3b54dcb79f	high	broken_text_o	1.503	C	ABC üçgen ADC eşkenar üçgen $[KL] \perp [AD]$, $[KM] \perp [AC]$, $[KN] \perp [BC]$ $m(\text{ABC}) = 30^ ext{o}$ $|KL| =	ABC üçgen ADC eşkenar üçgen [KL] ⊥ [AD], [KM] ⊥ [AC], [KN] ⊥ [BC] m(ABC) = 30° |KL| = 1 cm, |KN| = 3 cm, |AB| = 16 cm ol	/static/crops/345_2025_Tyt_Ayt_Geometri_Soru_Bankası_1/345_2025_Tyt_Ayt_Geometri_Soru_Bankası_1_p0062_q04.png
1aa62049-d039-52ab-902d-9193fcd8e918	high	broken_text_o	1.297	D	$|DC|=2 \text{ cm}$, $|AD|=4 \text{ cm}$, $|BA|=5 \text{ cm}$'dir. Şekildeki dik yamuğun $AB$ kenarı etrafında $360^ ext	|DC| = 2 cm, |AD| = 4 cm, |BA| = 5 cm'dir.  Şekildeki dik yamuğun AB kenarı etrafında 360° döndürülmesiyle elde edilen c	/static/crops/Orijinal-Tyt_Ayt_Geometri_Soru_Bankası/Orijinal-Tyt_Ayt_Geometri_Soru_Bankası_p0427_q03.png
1acce595-622f-54e3-b47d-c25ba871fd6c	high	broken_text_o	1.515	B	ABC üçgen $|AB| = |BD| = |DC|$ $m(\widehat{ABD}) = 60^ ext{o}$ $m(\widehat{DBC}) = 10^ ext{o}$ Verilenlere göre, $m(\wid	ABC üçgen |AB| = |BD| = |DC| m(ABD) = 60° m(DBC) = 10°  Verilenlere göre, m(ACD) = x kaç derecedir?	/static/crops/Mikro_Orijinal-Tyt_Ayt-Geometri_Soru_Bankası_2/Mikro_Orijinal-Tyt_Ayt-Geometri_Soru_Bankası_2_p0042_q03.png
1c63d970-e8cc-57c3-8877-d1d3c9ed4315	high	broken_text_o	1.267	C	G; ABC üçgeninin ağırlık merkezi $AB \perp AC$ $m(\widehat{ACG}) = 30^ ext{o}$ $|AB| = 9$ cm Verilenlere göre, $|GC| = x	G: ABC üçgeninin ağırlık merkezi AB ⊥ AC m(ACG) = 30° |AB| = 9 cm  Verilenlere göre, |GC| = x kaç cm dir?	/static/crops/Mikro_Orijinal-Tyt_Ayt-Geometri_Soru_Bankası_2/Mikro_Orijinal-Tyt_Ayt-Geometri_Soru_Bankası_2_p0120_q03.png
1cefdc7c-d587-5485-ad9c-c9cfb29168f8	high	italic_i_segment	1.169	B	ABCD kare, $[EC] \perp [BF]$, $|IF| = 3$ cm, $|EFI| = 1$ cm olduğuna göre, $|DC| = x$ kaç santimetredir?	ABCD kare [EC] ⊥ [BF] |FC| = 3 cm |EF| = 1 cm  olduğuna göre, |DC| = x kaç santimetredir?	/static/crops/Mikro-2024-Tyt_Ayt-Geometri_Soru_Bankası/Mikro-2024-Tyt_Ayt-Geometri_Soru_Bankası_p0257_q08.png
1eb97730-2641-5747-86dd-598f09cd9c7e	high	italic_i_segment	0.992	E	Analitik düzlemde ABCO kare, $|AE|=|CD|=|TI|$. $2|OT|=|BT|$, C(4, a). Yukarıdaki verilere göre, A(DTE) kaç birimkaredir?	Analitik düzlemde ABCO kare, [AE] ∩ [CD] = {T}, 2|OT| = |BT|, C(4, a)  Yukarıdaki verilere göre, A(DTE) kaç birimkaredir	/static/crops/Bilgi_Sarmalı-2023-2024-Tyt_Ayt-Geometri_Soru_Bankası/Bilgi_Sarmalı-2023-2024-Tyt_Ayt-Geometri_Soru_Bankası_p0362_q05.png
26e765c6-d385-582a-b498-7a09b92ebf3c	high	italic_i_segment	1.082	C	ABCD kare $DG \perp CF$ $|DE| = 4\sqrt{2}$ birim $|EG| = \sqrt{2}$ birim Buna göre, $|EFI|$ kaç birimdir?	ABCD kare DG ⊥ CF |DE| = $4\sqrt{2}$ birim |EG| = $\sqrt{2}$ birim  Buna göre, |EF| kaç birimdir?	/static/crops/2020-2021-Acil-Tyt_Ayt_Geometrinin_ilacı_Soru_Bankası/2020-2021-Acil-Tyt_Ayt_Geometrinin_ilacı_Soru_Bankası_p0148_q06.png
27ba6169-7ff2-57f7-95b8-61bafa097c17	high	broken_text_o	1.362	C	ABCD yamuk $[DC] \parallel [AB]$ $[AC] \perp [BC]$ $|AB| = 2|AD|$ $m(\widehat{DAB}) = 60^ ext{o}$ Yukarıda verilenlere g	12. ABCD yamuk [DC] // [AB] [AC] ⊥ [BC] |AB| = 2|AD| m(DÂB) = 60°  Yukarıda verilenlere göre, m(A͡BC) kaç derecedir?	/static/crops/C1CELL-2024-TYT-AYT-Geometri_Soru_Bankası/C1CELL-2024-TYT-AYT-Geometri_Soru_Bankası_p0215_q06.png
28a66f91-f175-5512-bb57-2fd28a0274fd	high	broken_text_o	1.358	E	ABC ve BCD üçgen $[BD]$ ve $[CA]$ açıortay $m(\text{BAC})=90^ ext{o}$ $m(\text{BDC})=60^ ext{o}$ olduğuna göre, $m(\text	ABC ve BCD üçgen [BD] ve [CA] açıortay m(BÂC) = 90° m(B̂DC) = 60° olduğuna göre, m(AÊD) = x kaç derecedir?	/static/crops/345_2025_Tyt_Ayt_Geometri_Soru_Bankası_1/345_2025_Tyt_Ayt_Geometri_Soru_Bankası_1_p0027_q05.png
28aa90ff-146f-5b36-8543-933a4909aaf2	medium	truncation_lr=0.64	0.637	B	Dik koordinat düzleminde verilenlere göre, OAB üçgensel bölgesinin ağırlık merkezinin ordinatı kaçtır?	ABO üçgen OA ⊥ AB AC ⊥ OB |OC| = 12 birim |CB| = 3 birim  Dik koordinat düzleminde verilenlere göre, OAB üçgensel bölges	/static/crops/2023-2024-ACİL-TYT-AYT-Geometrinin_İlacı/2023-2024-ACİL-TYT-AYT-Geometrinin_İlacı_p0238_q01.png
29606c61-74f0-5973-8bd4-0ca28179bfcd	high	broken_text_o	0.994	B	ABC ikizkenar üçgen, $|AB|=|AC|$, $m(\widehat{BAC})>60^ ext{o}$. Buna göre, I. $|a-b|-|c-a|=0$'dır. II. $|b-c|+|a-b|=b$'	ABC ikizkenar üçgen, |AB| = |AC| m(BAC) > 60°  Buna göre, I. |a - b| - |c - a| = 0'dır. II. |b + c - a| + |a - b| = b'di	/static/crops/C1CELL-2024-TYT-AYT-Geometri_Soru_Bankası/C1CELL-2024-TYT-AYT-Geometri_Soru_Bankası_p0172_q05.png
2b08a35e-ce97-5293-91f5-693a64fa86de	high	italic_i_brackets	1.163	A	ABCDE düzgün beşgen, $DF \perp EC$, $IEG = IGBI$, $|AB| = 10$ birim. Buna göre, $|FG|$ kaç birimdir?	ABCDE düzgün beşgen DF ⊥ EC |EG| = |GB| |AB| = 10 birim  Buna göre, |FG| kaç birimdir?	/static/crops/2020-2021-Acil-Tyt_Ayt_Geometrinin_ilacı_Soru_Bankası/2020-2021-Acil-Tyt_Ayt_Geometrinin_ilacı_Soru_Bankası_p0172_q04.png
2d73798a-3ef6-594f-95c3-5845350bbf10	high	broken_text_o	1.043	E	ABC ikizkenar dik üçgen $AB \perp AC$ $m(\widehat{AED}) = 45^ ext{o}$ $EC = \sqrt{2}$ cm $|AB| = |AC| = 3$ cm olduğuna g	ABC ikizkenar dik üçgen $AB \perp AC$ $m(\widehat{AED}) = 45°$ $|EC| = \sqrt{2}$ cm $|AB| = |AC| = 3$ cm  olduğuna göre,	/static/crops/345_Tyt_Ayt_Geometri_Soru_Bankası/345_Tyt_Ayt_Geometri_Soru_Bankası_p0127_q01.png
35db9c72-4c9d-55ea-aaba-037b8a7d82b6	high	broken_text_o	1.223	B	ABC üçgen, $m(\widehat{BAD})=m(\widehat{DAC})=50^ ext{o}$, $m(\widehat{ACB})=30^ ext{o}$ Buna göre, I. $|AD|=|BD|$ II. $	ABC üçgen, m(BAD) = m(DAC), m(ABC) = 50°, m(ACB) = 30°  Buna göre, I. |AD| = |BD| II. |AC| > |DC| III. |BD| < |DC| ifade	/static/crops/C1CELL-2024-TYT-AYT-Geometri_Soru_Bankası/C1CELL-2024-TYT-AYT-Geometri_Soru_Bankası_p0170_q03.png
3a664366-0b00-52f7-8db9-9a836357906c	high	italic_i_segment	1.053	C	ABC üçgen, $[BC]$ $[DC]$, $|BE|=|EC|$, $|AD|=|BD|$, $|AKI|=34$ cm, $|DK|=4$ cm olduğuna göre, $|BC|$ kaç santimetredir?	ABC üçgen, [BC] ⊥ [DC], |BE| = |EC|, |AD| = |BD| |AK| = 34 cm, |DK| = 4 cm olduğuna göre, |BC| kaç santimetredir?	/static/crops/Mikro-2024-Tyt_Ayt-Geometri_Soru_Bankası/Mikro-2024-Tyt_Ayt-Geometri_Soru_Bankası_p0149_q04.png
3d7b57d5-b7a1-581b-9ca9-2e389b3a82f5	high	broken_text_o	1.303	E	ABC ve EBD birer ikizkenar üçgen $BA = AC$ $|BA| = |AC|$ $|BE| = |ED|$ $m(\widehat{ABE}) = 25^ ext{o}$ $m(\widehat{BED})	ABC ve EBD birer ikizkenar üçgen BA ⊥ AC |BA| = |AC| |BE| = |ED| m(ÂBE) = 25° m(B̂ED) = x  Buna göre, x kaç derecedir?	/static/crops/2020-2021-Acil-Tyt_Ayt_Geometrinin_ilacı_Soru_Bankası/2020-2021-Acil-Tyt_Ayt_Geometrinin_ilacı_Soru_Bankası_p0016_q02.png
45309fd2-5b06-5a9a-9ef6-e593c45566f6	high	italic_i_segment	1.102	D	ABCD deltoid $[DB]$ ve $[AC]$ köşegen $|DL| = |LC|$ $|AK| = |KB|$ $|KE| = 5$ cm $|ELI| = 3$ cm olduğuna göre, Çevre(ABCD	ABCD deltoid [DB] ve [AC] köşegen |DL| = |LC| |AK| = |KB| |KE| = 5 cm |EL| = 3 cm olduğuna göre, Çevre(ABCD) kaç santime	/static/crops/Mikro-2024-Tyt_Ayt-Geometri_Soru_Bankası/Mikro-2024-Tyt_Ayt-Geometri_Soru_Bankası_p0243_q03.png
45468b37-7343-5382-8471-dd7dca0f56e2	high	broken_text_o	1.387	E	ABC ve BCD üçgen, $[BD]$ ve $[CA]$ açıortay, $m(\text{BAC})=90^ ext{o}$, $m(\text{BDC})=60^ ext{o}$ olduğuna göre, $m(\t	ABC ve BCD üçgen [BD] ve [CA] açıortay m(BÂC) = 90° m(BD̂C) = 60° olduğuna göre, m(AÊD) = x kaç derecedir?	/static/crops/345_Tyt_Ayt_Geometri_Soru_Bankası/345_Tyt_Ayt_Geometri_Soru_Bankası_p0027_q05.png
4672b0a0-554f-5ed9-b95e-ab1b07f2adf9	high	broken_text_o	1.153	D	BAC ikizkenar üçgen, $|AB|=|AC|$, $m(\widehat{ADB})=60^ ext{o}$, $|DA|=12$ cm, $|DC|=6$ cm, $|BD|=x$. Yukarıdaki veriler	BAC ikizkenar üçgen, |AB| = |AC|, m(ADB) = 60°, |DA| = 12 cm, |DC| = 6 cm, |BD| = x  Yukarıdaki verilere göre, x kaç cm'	/static/crops/Bilgi_Sarmalı-2023-2024-Tyt_Ayt-Geometri_Soru_Bankası/Bilgi_Sarmalı-2023-2024-Tyt_Ayt-Geometri_Soru_Bankası_p0058_q01.png
47a904e6-ff6e-59de-bcc2-5810077973a0	high	italic_i_segment|italic_i_brackets	1.305	B	ABCD yamuk, $DC \parallel AB$, $EC \perp CB$, $|DE| = |EA|$, $|IDC| = 10$ birim, $|IEC| = 15$ birim, $|IAB| = 24$ birim.	ABCD yamuk DC // AB EC ⊥ CB |DE| = |EA| |DC| = 10 birim |EC| = 15 birim |AB| = 24 birim  Buna göre, |BC| kaç birimdir?	/static/crops/2020-2021-Acil-Tyt_Ayt_Geometrinin_ilacı_Soru_Bankası/2020-2021-Acil-Tyt_Ayt_Geometrinin_ilacı_Soru_Bankası_p0162_q04.png
4ea08e29-e88a-527e-9c77-ffb9acab9a40	high	italic_i_segment	1.073	C	ABC dik üçgen, $AB \perp BC$, $DF \parallel BC$, $AD = IDI$, $|AB| = 6$ birim, $|BE| = 1$ birim, $|FCI| = 5$ birim. Buna	ABC dik üçgen $AB \perp BC$ $DF \perp BC$ $|AD| = |DC|$ $|AB| = 6$ birim $|BE| = 1$ birim $|FC| = 5$ birim  Buna göre, |	/static/crops/2020-2021-Acil-Tyt_Ayt_Geometrinin_ilacı_Soru_Bankası/2020-2021-Acil-Tyt_Ayt_Geometrinin_ilacı_Soru_Bankası_p0084_q01.png
501db30e-3459-5656-9dab-b4195e26943e	high	italic_i_segment	1.265	E	ABCD eşkenar dörtgen, $[DH] \perp [AB]$, $|DH|=8$ cm, $|DI|=8$ cm, $|EC|=7$ cm. Yukarıda verilenlere göre, Alan($\Delta 	ABCD eşkenar dörtgen [DH] ⊥ [AB] |DH| = 8 cm |EC| = 7 cm  Yukarıda verilenlere göre, Alan(\widehat{DEC}) kaç cm² dir?	/static/crops/Orijinal-Tyt_Ayt_Geometri_Soru_Bankası/Orijinal-Tyt_Ayt_Geometri_Soru_Bankası_p0198_q01.png
513bf8f0-7235-5123-9ab0-997f7ec3c142	high	italic_i_segment	1.058	C	ABCD paralelkenar, $|AF|=|FI|$, $|BG|=|GC|$, $|AE|=3|ED|$ ve $|DH|=3|HC|$ dir. Yukarıdaki verilere göre, $\frac{\text{Al	8. ABCD paralelkenar, |AF| = |FB|, |BG| = |GC|, |AE| = 3|ED| ve |DH| = 3|HC| dir.  Yukarıda verilenlere göre, $\frac{Ala	/static/crops/CAP-2022-2023-TYT_AYT-Geometri_Soru_Bankası/CAP-2022-2023-TYT_AYT-Geometri_Soru_Bankası_p0173_q04.png
53608b5b-0bf1-5ada-b6a7-1d6193283a8a	high	broken_text_o	1.284	C	ABCD paralelkenar ve KH $\perp$ EF'dir. $m(\text{AEF}) = 30^ ext{o}$, $m(\text{CFE}) = 45^ ext{o}$ $|AE| = 6$ cm, $|CF| 	7. ABCD paralelkenar ve KH ⊥ EF'dir.  m(AEF) = 30°, m(CFE) = 45°  |AE| = 6 cm, |CF| = 5√2 cm  K, köşegenlerin kesim nokt	/static/crops/345_2025_Tyt_Ayt_Geometri_Soru_Bankası_1/345_2025_Tyt_Ayt_Geometri_Soru_Bankası_1_p0291_q03.png
5460ac0d-ab0c-5503-af63-c3f229dd3ab4	high	italic_i_segment	1.112	C	ABC üçgen $|IFE| = |EDI|$ $|AF| = |AD|$ $|EC| = 3$ birim $|BE| = 4$ birim Çevre$(ABC) = 21$ birim Buna göre, $|AB|$ kaç 	ABC üçgen |FE| = |ED| |AF| = |AD| |EC| = 3 birim |BE| = 4 birim Çevre(ABC) = 21 birim  Buna göre, |AB| kaç birimdir?	/static/crops/2020-2021-Acil-Tyt_Ayt_Geometrinin_ilacı_Soru_Bankası/2020-2021-Acil-Tyt_Ayt_Geometrinin_ilacı_Soru_Bankası_p0156_q04.png
5c9fa4dc-a2a5-5f7c-8aae-259f3c90416c	high	italic_i_segment	1.160	E	ABCD dikdörtgen, $[CH] \perp [BD]$, $[BD]$ köşegen, $|CHI| = 3$ cm ve $|AH| = 6$ cm dir. Yukarıdaki verilere göre, $m(\w	6. ABCD dikdörtgen, [CH] ⊥ [BD], [BD] köşegen, |CH| = 3 cm ve |AH| = 6 cm dir.  Yukarıdaki verilere göre, m(AHB) = x kaç	/static/crops/CAP-2022-2023-TYT_AYT-Geometri_Soru_Bankası/CAP-2022-2023-TYT_AYT-Geometri_Soru_Bankası_p0185_q01.png
5d370a2e-39b8-51be-ac59-09362200825d	high	broken_text_o	1.333	B	$[AB] \perp [BC]$ $[BD] \perp [CD]$ $m(\widehat{DCB}) = 15^ ext{o}$ $|AD| = 2 \cdot |DE|$ $|BC| = 4$ cm A, D ve E doğrus	[AB] ⊥ [BC] [BD] ⊥ [CD] m(DCB) = 15° |AD| = 2 ⋅ |DE| |BC| = 4 cm  A, D ve E doğrusal olduğuna göre, |AC| = x kaç cm'dir?	/static/crops/345_2025_Tyt_Ayt_Geometri_Soru_Bankası_1/345_2025_Tyt_Ayt_Geometri_Soru_Bankası_1_p0125_q02.png
5e427e8b-4f77-5b10-a6dc-8387a6a4d99b	high	italic_i_segment	1.136	E	ABCD eşkenar dörtgen, ABE üçgen, $|BD|=6$ cm, $|EDI|=5$ cm. ABCD eşkenar dörtgeninin alanı $36 \text{ cm}^2$ olduğuna gö	ABCD eşkenar dörtgen ABE üçgen |BD| = 6 cm |ED| = 5 cm  ABCD eşkenar dörtgeninin alanı 36 cm² olduğuna göre, |AE| kaç cm	/static/crops/Orijinal-2024-Geometri_Soru_Bankası/Orijinal-2024-Geometri_Soru_Bankası_p0198_q04.png
5edc9313-b6b1-535f-9f75-1444db49a852	high	italic_i_segment	1.092	D	ABCD ikizkenar yamuk, $DE \perp AB$, $|AD|=|BC|$, $|DF|=17$ birim, $|DE|=8$ birim, $A(ABCD)=160 \text{ br}^2$. Buna göre	ABCD ikizkenar yamuk, DE $\perp$ AB, |AD| = |BC|  |DF| = 17 birim, |DE| = 8 birim, A(ABCD) = 160 br²  Buna göre, |FB| ka	/static/crops/2023-2024-ACİL-TYT-AYT-Geometrinin_İlacı/2023-2024-ACİL-TYT-AYT-Geometrinin_İlacı_p0164_q03.png
6081972c-5d6c-52b2-817e-faf837ca522c	high	broken_text_o	1.323	B	ABCD dörtgen, [AE] ve [CE] açıortay, $m(\widehat{FBK}) = 60^ ext{o}$, $m(\widehat{ADC}) = 140^ ext{o}$. Yukarıdaki veril	ABCD dörtgen [AE] ve [CE] açıortay m(FBK) = 60° m(ADC) = 140°  Yukarıda verilenlere göre, AEC açısının ölçüsü kaç derece	/static/crops/Orijinal-2024-Geometri_Soru_Bankası/Orijinal-2024-Geometri_Soru_Bankası_p0168_q02.png
62c7e5c4-a416-5c07-bb66-510af827de87	high	italic_i_segment|italic_i_brackets	1.303	D	ABCD yamuk, $DC \parallel KM \parallel AB$, $|IDCI| = 8$ birim, $|KML| = 12$ birim. Buna göre, $|IAB|$ kaç birimdir?	ABCD yamuk, DC // KM // AB |DC| = 8 birim, |KM| = 12 birim  Buna göre, |AB| kaç birimdir?	/static/crops/2020-2021-Acil-Tyt_Ayt_Geometrinin_ilacı_Soru_Bankası/2020-2021-Acil-Tyt_Ayt_Geometrinin_ilacı_Soru_Bankası_p0162_q02.png
6aa1de71-4c55-57ef-9108-70509bbcdc84	high	broken_text_o	1.048	D	ABCD dörtgen AD // DC $|DC| = \sqrt{5}$ birim $|CB| = 3\sqrt{2}$ birim $|BA| = 1$ birim $m(\widehat{ABC}) = 135^ ext{o}$	11. ABCD dörtgen AD ⊥ DC |DC| = $\sqrt{5}$ birim |CB| = $3\sqrt{2}$ birim |BA| = 1 birim $m(\widehat{ABC}) = 135°$  Buna	/static/crops/2020-2021-Acil-Tyt_Ayt_Geometrinin_ilacı_Soru_Bankası/2020-2021-Acil-Tyt_Ayt_Geometrinin_ilacı_Soru_Bankası_p0114_q04.png
6e191371-a0f4-53cb-a413-e6b04ea27d80	high	broken_text_o	1.465	E	ABC dik üçgen $AC \perp CB$ $|AE| = |AC|$ $m(\widehat{ABC}) = 42^ ext{o}$ $m(\widehat{ECB}) = x$ Buna göre, $x$ kaç dere	ABC dik üçgen AC ⊥ CB |AE| = |AC| m(ABC) = 42° m(ECB) = x  Buna göre, x kaç derecedir?	/static/crops/2023-2024-ACİL-TYT-AYT-Geometrinin_İlacı/2023-2024-ACİL-TYT-AYT-Geometrinin_İlacı_p0014_q01.png
71b965fc-c7b4-5c2f-a5d2-ffe12bfc5cb0	high	broken_text_o	1.180	A	ABCD dörtgen $|AB| = |BC|$ $|AE| = |AD| = |DC|$ $m(\widehat{DBC}) = 50^ ext{o}$ $m(\widehat{BCD}) = 60^ ext{o}$ $m(\wide	ABCD dörtgen |AB| = |BC| |AE| = |AD| = |DC| m(\widehat{DBC}) = 50° m(\widehat{BCD}) = 60° m(\widehat{BAE}) = x  Buna gör	/static/crops/2020-2021-Acil-Tyt_Ayt_Geometrinin_ilacı_Soru_Bankası/2020-2021-Acil-Tyt_Ayt_Geometrinin_ilacı_Soru_Bankası_p0114_q03.png
72de617c-b543-5c5d-a7bc-77d5ff2f7cb4	high	broken_text_o	1.211	D	ABCD yamuk $[DC] \parallel [AB]$ $|AD| = |DC|$ $m(\widehat{DCB}) = 110^ ext{o}$ $m(\widehat{ABD}) = 35^ ext{o}$ Yukarıda	ABCD yamuk [DC] // [AB] |AD| = |DC| m(\widehat{DCB}) = 110° m(\widehat{ABD}) = 35°  Yukarıda verilenlere göre, m(\wideha	/static/crops/C1CELL-2024-TYT-AYT-Geometri_Soru_Bankası/C1CELL-2024-TYT-AYT-Geometri_Soru_Bankası_p0215_q01.png
7c866f11-29c6-5616-9161-d918a205dff4	high	broken_text_o	1.449	D	$[AC] \cap [FD] = \{E\}$ $|CE| = |CD|$, $|AF| = |FE|$, $m(\widehat{ABD}) = 66^ ext{o}$ Yukarıdaki verilere göre, $m(\wid	[AC] ∩ [FD] = {E} |CE| = |CD| |AF| = |FE| m(ABD) = 66°  Yukarıdaki verilere göre, m(ACB) = α kaç derecedir?	/static/crops/Orijinal-2024-Geometri_Soru_Bankası/Orijinal-2024-Geometri_Soru_Bankası_p0015_q04.png
867dfa9e-5f9a-51af-9cca-aab9c5850f80	high	broken_text_o	1.409	C	ABC üçgen, $[AB]$ çap, $[BD]$ açıortay, $m(\widehat{BAC}) = 20^ ext{o}$ olduğuna göre, $m(\widehat{BDC}) = x$ kaç derece	ABC üçgen [AB] çap [BD] açıortay m(BÂC) = 20°  olduğuna göre, m(BD̂C) = x kaç derecedir?	/static/crops/Mikro-2024-Tyt_Ayt-Geometri_Soru_Bankası/Mikro-2024-Tyt_Ayt-Geometri_Soru_Bankası_p0288_q08.png
8abe3c6a-8d07-5290-83ea-62c0c792c619	high	italic_i_segment|italic_i_brackets	1.204	D	ABCD dikdörtgen, $DF \perp FE$, $|ICE| = 3$ birim, $|IAFI| = |IBEI| = 6$ birim. Buna göre, $A(ABCD)$ kaç birimkaredir?	ABCD dikdörtgen DF ⊥ FE |CE| = 3 birim |AF| = |BE| = 6 birim  Buna göre, A(ABCD) kaç birimkaredir?	/static/crops/2023-2024-ACİL-TYT-AYT-Geometrinin_İlacı/2023-2024-ACİL-TYT-AYT-Geometrinin_İlacı_p0138_q04.png
8acf9ccf-f4ff-5bed-956c-17ab3109250e	high	broken_text_o	1.474	A	ABC üçgen $m(\widehat{BAD}) = m(\widehat{CAD})$ $m(\widehat{ACB}) = 30^ ext{o}$ $|AB| = 6$ cm $|DC| = 8$ cm Verilenlere 	ABC üçgen m(BÂD) = m(CÂD) m(AĈB) = 30° |AB| = 6 cm |DC| = 8 cm  Verilenlere göre, ABD üçgeninin alanı kaç cm² dir?	/static/crops/Mikro_Orijinal-Tyt_Ayt-Geometri_Soru_Bankası_2/Mikro_Orijinal-Tyt_Ayt-Geometri_Soru_Bankası_2_p0160_q05.png
8d5b5631-c97a-5a00-8da4-0074452f0965	high	broken_text_o	1.493	C	$[AC]$ çap, $[DB]$ açıortay, $m(\widehat{DBC}) = 60^ ext{o}$ olduğuna göre, $m(\widehat{DAB})$ kaç derecedir?	[AC] çap [DB] açıortay m(DBC) = 60°  olduğuna göre, m(DAB) kaç derecedir?	/static/crops/Mikro-2024-Tyt_Ayt-Geometri_Soru_Bankası/Mikro-2024-Tyt_Ayt-Geometri_Soru_Bankası_p0288_q07.png
8e60f55d-e259-5eb1-a2c6-70d2efb5ad0d	high	broken_text_o	1.419	B	ABC üçgen $|DB| = |DA|$ $|CD| = |CA|$ $m(\widehat{BDC}) = 40^ ext{o}$ $m(\widehat{ACB}) = x$ Buna göre, $x$ kaç derecedi	ABC üçgen |DB| = |DA| |CD| = |CA| m(ABC) = 40° m(ACB) = x  Buna göre, x kaç derecedir?	/static/crops/2023-2024-ACİL-TYT-AYT-Geometrinin_İlacı/2023-2024-ACİL-TYT-AYT-Geometrinin_İlacı_p0012_q04.png
8fbd91c8-b0bd-53f2-aaf2-3b085690ef8f	high	broken_text_o	1.051	C	ABD ve BCE birer dik üçgen $BA \perp AD$ $BD \perp EC$ $m(\widehat{ADB}) = 60^ ext{o}$ $|AB| = 5\sqrt{3}$ birim $|EC| = 	ABD ve BCE birer dik üçgen $BA \perp AD$ $EC \perp CB$ $m(\widehat{ADB}) = 60°$ $|AB| = 5\sqrt{3}$ birim $|EC| = 3$ biri	/static/crops/2023-2024-ACİL-TYT-AYT-Geometrinin_İlacı/2023-2024-ACİL-TYT-AYT-Geometrinin_İlacı_p0048_q06.png
93c76c66-4efe-5f90-9cc7-7ea29ab54dcf	high	italic_i_segment|italic_i_brackets	1.133	C	ABC ikizkenar dik üçgen, $AB \perp AC$, $|AB|=|AC|$, $|BD|=|DC|$, $|AE|=|IBFI|$ olduğuna göre, $\frac{|DE|}{|DF|}$ oranı	ABC ikizkenar dik üçgen AB ⊥ AC |AB| = |AC| |BD| = |DC| |AE| = |BF|  Buna göre, $\frac{|DE|}{|DF|}$ oranı kaçtır?	/static/crops/2020-2021-Acil-Tyt_Ayt_Geometrinin_ilacı_Soru_Bankası/2020-2021-Acil-Tyt_Ayt_Geometrinin_ilacı_Soru_Bankası_p0026_q01.png
94ce6dfa-ff73-5004-9470-04e67305b79e	high	italic_i_segment	1.263	C	ABC üçgen, $CE \perp BA$, $ED \perp CA$, $|AB| = |AC|$, $|EDI| = 12$ birim, $|CD| = 9$ birim. Buna göre, $|BE|$ kaç biri	ABC üçgen CE ⊥ BA ED ⊥ CA |AB| = |AC| |ED| = 12 birim |CD| = 9 birim  Buna göre, |BE| kaç birimdir?	/static/crops/2020-2021-Acil-Tyt_Ayt_Geometrinin_ilacı_Soru_Bankası/2020-2021-Acil-Tyt_Ayt_Geometrinin_ilacı_Soru_Bankası_p0046_q03.png
99ff1a35-7124-52ce-aa8d-3c07ff490e02	high	broken_text_o	1.154	D	ABC ikizkenar üçgen, [AE] açıortay, $|AB|=|AC|$, $|BE|=|DC|$, $m(\widehat{EBC})=42^ ext{o}$ olduğuna göre, $m(\widehat{B	ABC ikizkenar üçgen [AE] açıortay |AB| = |AC| |BE| = |DC| m(EBC) = 42°  Yukarıdaki verilere göre, m(BÊD) = x kaç dereced	/static/crops/Orijinal-2024-Geometri_Soru_Bankası/Orijinal-2024-Geometri_Soru_Bankası_p0019_q04.png
a2d502bf-2201-5b86-825d-f1d2cf784278	high	italic_i_segment|italic_i_brackets	1.160	D	ABCD ikizkenar yamuk, $AE \perp BC$, $AE$ açıortay, $|DA|=|ICBI|$, $|AF|=|FB|$, $|ICE|=2$ birim, $|DA|=8$ birim. Buna gö	ABCD ikizkenar yamuk AE ⊥ BC AE açıortay |DA| = |CB| |AF| = |FB| |CE| = 2 birim |DA| = 8 birim  Buna göre, |EF| kaç biri	/static/crops/2023-2024-ACİL-TYT-AYT-Geometrinin_İlacı/2023-2024-ACİL-TYT-AYT-Geometrinin_İlacı_p0164_q04.png
a9384c6d-d861-51b8-939c-dbad7fbf1ab0	high	broken_text_o	1.328	B	ABC ikizkenar üçgen, $|AB| = |BC|$, $|AD| = |EC|$, $|AE| = |FC|$, $m(\widehat{DEF}) = 70^ ext{o}$ Yukarıdaki verilere gö	ABC ikizkenar üçgen, |AB| = |BC|, |AD| = |EC| |AE| = |FC|, m(DÊF) = 70°  Yukarıdaki verilere göre, m(A͡BC) = α kaç derec	/static/crops/Bilgi_Sarmalı-2025-Tyt_Ayt-Geometri_Soru_Bankası/Bilgi_Sarmalı-2025-Tyt_Ayt-Geometri_Soru_Bankası_p0102_q03.png
a9cc07eb-9538-5e5e-ac07-5dd548fe6f5c	high	italic_i_segment|italic_i_brackets	1.217	D	ABCD dikdörtgen, $EF \perp DC$, $|IEFI| = 2$ birim, $|IDAI| = 6$ birim, $|IAB| = 10$ birim. Buna göre, $A(AEB)$ kaç biri	ABCD dikdörtgen EF ⊥ DC |EF| = 2 birim |DA| = 6 birim |AB| = 10 birim  Buna göre, A(AEB) kaç birimkaredir?	/static/crops/2023-2024-ACİL-TYT-AYT-Geometrinin_İlacı/2023-2024-ACİL-TYT-AYT-Geometrinin_İlacı_p0138_q02.png
ae1091b0-2a7b-5098-9413-fa9b684638f6	high	italic_i_segment|italic_i_brackets	1.042	C	ABCDE düzgün beşgen, EC köşegen, $|EFI| = 6$ birim, $|IEGI = |GA|$. Buna göre, $|FG|$ kaç birimdir?	ABCDE düzgün beşgen EC köşegen |EF| = |FC| = 6 birim |EG| = |GA|  Buna göre, |FG| kaç birimdir?	/static/crops/2020-2021-Acil-Tyt_Ayt_Geometrinin_ilacı_Soru_Bankası/2020-2021-Acil-Tyt_Ayt_Geometrinin_ilacı_Soru_Bankası_p0172_q02.png
b6c0c6e5-e706-5a19-9863-deb51441c889	high	italic_i_segment	1.097	C	ABCD kare, $[AC] \perp [DE] = \{E\}$, $2|FI| = |DE|$, $|BF| = 4$ cm olduğuna göre, Çevre(ABCD) kaç santimetredir?	13. ABCD kare [AC] ∩ [DF] = {E} 2|EF| = |DE| |BF| = 4 cm  olduğuna göre, Çevre(ABCD) kaç santimetredir?	/static/crops/Mikro-2024-Tyt_Ayt-Geometri_Soru_Bankası/Mikro-2024-Tyt_Ayt-Geometri_Soru_Bankası_p0257_q02.png
b89e909a-2730-543e-8da8-c171fb065a3a	high	broken_text_o	1.448	D	$AB \perp BE$ $AC \perp CD$ $CD \perp DE$ $m(\widehat{CAD}) = 15^ ext{o}$ $|CE| = 4$ cm $|AB| = 9$ cm olduğuna göre, $|A	AB ⊥ BE AC ⊥ CD CD ⊥ DE m(CAD) = 15° |CE| = 4 cm |AB| = 9 cm olduğuna göre, |AD| = x kaç cm'dir?	/static/crops/345_Tyt_Ayt_Geometri_Soru_Bankası/345_Tyt_Ayt_Geometri_Soru_Bankası_p0127_q04.png
b8ee522f-b73b-5b64-bbad-a0560946f3b5	high	broken_text_o	1.293	D	ABC ikizkenar üçgen $[AE]$ açıortay $|AB| = |AC|$ $|BE| = |DC|$ $m(\widehat{EBC}) = 42^ ext{o}$ Yukarıdaki verilere göre	ABC ikizkenar üçgen [AE] açıortay |AB| = |AC| |BE| = |DC| m(EBC) = 42°  Yukarıdaki verilere göre, m(BÊD) = x kaç dereced	/static/crops/Orijinal-Tyt_Ayt_Geometri_Soru_Bankası/Orijinal-Tyt_Ayt_Geometri_Soru_Bankası_p0019_q04.png
bbea4669-c47f-5a9a-933f-9cc882cd521a	high	italic_i_segment	1.090	C	ABCD paralelkenar $|AKI| = |KE|$ $|ELI| = |LB|$ $|EC| = (2x)$ birim $|KLI| = (x+3)$ birim Buna göre, $|DE|$ kaç birimdir	ABCD paralelkenar |AK| = |KE| |EL| = |LB| |EC| = (2x) birim |KL| = (x + 3) birim  Buna göre, |DE| kaç birimdir?	/static/crops/2020-2021-Acil-Tyt_Ayt_Geometrinin_ilacı_Soru_Bankası/2020-2021-Acil-Tyt_Ayt_Geometrinin_ilacı_Soru_Bankası_p0118_q01.png
bdf36019-97ca-55f3-8d7e-c36646129ec0	high	broken_text_o	1.305	D	ABCD yamuk $[DC] \parallel [AB]$ $|DE| = |EC| = 1$ br $|AF| = |FB| = 4$ br $m(\widehat{DAB}) + m(\widehat{CBA}) = 90^ ex	8. ABCD yamuk [DC] // [AB] |DE| = |EC| = 1 br |AF| = |FB| = 4 br m(DAB) + m(CBA) = 90°  Yukarıda verilenlere göre, |EF| 	/static/crops/C1CELL-2024-TYT-AYT-Geometri_Soru_Bankası/C1CELL-2024-TYT-AYT-Geometri_Soru_Bankası_p0215_q03.png
bea4364e-6e6c-5a9d-87b9-27a1760f28d1	high	italic_i_segment	1.327	E	ABCD eşkenar dörtgen, $[DH] \perp [AB]$, $|DH|=8$ cm, $|DHI|=8$ cm, $|EC|=7$ cm. Yukarıda verilenlere göre, Alan$(DEC)$ 	ABCD eşkenar dörtgen [DH] ⊥ [AB] |DH| = 8 cm |EC| = 7 cm  Yukarıda verilenlere göre, Alan(DEC) kaç cm² dir?	/static/crops/Orijinal-2024-Geometri_Soru_Bankası/Orijinal-2024-Geometri_Soru_Bankası_p0198_q01.png
c0498812-a5c4-5399-84e2-608371aba7b9	medium	truncation_lr=0.55	0.547	D	Yukarıdaki şekilde $[AC]$ ve $[BE]$, O merkezli çemberin çaplarıdır. Buna göre, $x$ kaç derecedir?	O merkezli çember AC // ED AC ∩ BD = {F} m(\widehat{BOC}) = 60° m(\widehat{DFB}) = x  Yukarıdaki şekilde [AC] ve [BE], O	/static/crops/345_Tyt_Ayt_Geometri_Soru_Bankası_2/345_Tyt_Ayt_Geometri_Soru_Bankası_2_p0009_q03.png
c08d8bd2-e936-502e-be60-268963928491	high	broken_text_o	1.277	B	Şekilde $d_1 \parallel d_2$, $m(\widehat{EDC}) = 30^ ext{o}$, $m(\widehat{ABC}) = 45^ ext{o}$, $m(\widehat{BCD}) = 125^ 	$d_1 // d_2$ $m(\widehat{EDC}) = 30°$ $m(\widehat{ABC}) = 45°$ $m(\widehat{BCD}) = 125°$ olduğuna göre, $m(\widehat{DEF}	/static/crops/345_2025_Tyt_Ayt_Geometri_Soru_Bankası_1/345_2025_Tyt_Ayt_Geometri_Soru_Bankası_1_p0023_q03.png
c31fa3f0-9959-5fbb-90c3-4da09255a786	high	broken_text_o	1.066	C	ABC üçgen $DE \perp BC$ $|BD| = 2 \cdot |BE|$ $m(\widehat{BAC}) = 80^ ext{o}$ $m(\widehat{ACB}) = x$ Buna göre, $x$ kaç 	ABC üçgen $DE \perp BC$ $|BD| = 2 \cdot |BE|$ $m(\widehat{BAC}) = 80°$ $m(\widehat{ACB}) = x$  Buna göre, x kaç derecedi	/static/crops/2020-2021-Acil-Tyt_Ayt_Geometrinin_ilacı_Soru_Bankası/2020-2021-Acil-Tyt_Ayt_Geometrinin_ilacı_Soru_Bankası_p0048_q04.png
c6e51c59-1fc4-5ca1-9307-46375d5c5203	high	broken_text_o	1.400	C	O merkezli çemberde $|AO| = |BC|$, $m(\widehat{OAC}) = 50^ ext{o}$ olduğuna göre, $m(\widehat{OCA}) = x$ kaç derecedir?	O merkezli çemberde |AO| = |BC| m(OAC) = 50° olduğuna göre, m(OCA) = x kaç derecedir?	/static/crops/Mikro-2024-Tyt_Ayt-Geometri_Soru_Bankası/Mikro-2024-Tyt_Ayt-Geometri_Soru_Bankası_p0288_q02.png
c9d131c1-3168-54de-880e-c9931b5968bf	high	broken_text_o	1.296	C	ABC dik üçgen $AC \perp BC$ $m(\widehat{DEC}) = 45^ ext{o}$ $|BD| = 7$ cm $|DC| = 9$ cm $|AC| = 16$ cm olduğuna göre, $|	ABC dik üçgen AC ⊥ BC m(DEC) = 45° |BD| = 7 cm |DC| = 9 cm |AC| = 16 cm  olduğuna göre, |EC| = x kaç cm'dir?	/static/crops/345_Tyt_Ayt_Geometri_Soru_Bankası/345_Tyt_Ayt_Geometri_Soru_Bankası_p0127_q03.png
cc232d7e-ce11-5136-8efc-06b7f79f748e	high	broken_text_o	1.391	C	ABCD paralelkenar $[AE]$ ve $[BE]$ açıortay $m(\widehat{EFG}) = 25^ ext{o}$ $m(\widehat{EGF}) = x$ Buna göre, $x$ kaç de	ABCD paralelkenar [AE] ve [BE] açıortay m(EFG) = 25° m(EGF) = x  Buna göre, x kaç derecedir?	/static/crops/2020-2021-Acil-Tyt_Ayt_Geometrinin_ilacı_Soru_Bankası/2020-2021-Acil-Tyt_Ayt_Geometrinin_ilacı_Soru_Bankası_p0118_q04.png
cffc059c-eeaa-5ceb-a615-8d149ef523ed	high	broken_text_o	1.378	E	ABCDEF düzgün altıgen, $|BE| = |DK|$, $m(\widehat{KDC}) = 20^ ext{o}$, $m(\widehat{BAK}) = x$. Buna göre, $x$ kaç derece	9.  ABCDEF düzgün altıgen |BE| = |DK| m(KDC) = 20° m(BAK) = x  Buna göre, x kaç derecedir?	/static/crops/C1CELL-2024-TYT-AYT-Geometri_Soru_Bankası/C1CELL-2024-TYT-AYT-Geometri_Soru_Bankası_p0187_q06.png
d04dee2b-f6dc-53a0-a802-02baa50f6f0a	high	broken_text_o	1.375	E	ABC ikizkenar üçgen $|AC| = |CB|$ $DC \perp CB$ $m(\widehat{BDC}) = 50^ ext{o}$ $m(\widehat{DCA}) = x$ Buna göre, $x$ ka	9.  ABC ikizkenar üçgen |AC| = |CB| DC ⊥ CB m(BDC) = 50° m(DCA) = x  Buna göre, x kaç derecedir?	/static/crops/2020-2021-Acil-Tyt_Ayt_Geometrinin_ilacı_Soru_Bankası/2020-2021-Acil-Tyt_Ayt_Geometrinin_ilacı_Soru_Bankası_p0020_q06.png
d375e288-7eed-5c1f-847a-a2bfd3d18ebc	high	broken_text_o	1.398	C	ABC üçgen $|AB| = |AC|$ $|AE| = |ED|$ $m(\widehat{AED}) = 100^ ext{o}$ $m(\widehat{ABC}) = x$ Buna göre, $x$ kaç dereced	ABC üçgen |AB| = |AC| |AE| = |ED| m(AÊD) = 100° m(A͡BC) = x  Buna göre, x kaç derecedir?	/static/crops/2020-2021-Acil-Tyt_Ayt_Geometrinin_ilacı_Soru_Bankası/2020-2021-Acil-Tyt_Ayt_Geometrinin_ilacı_Soru_Bankası_p0016_q03.png
d415dd1d-1ef3-5469-b722-d9dbc0d8e68b	high	broken_text_o	1.038	A	Şekilde verilen $ABC$ dik üçgeni şeklindeki levha, $BC$ ekseni etrafında $180^ ext{o}$ döndürüldüğünde taranan bölgenin 	ABC dik üçgen [AC] ⊥ [BC] |AC| = 3 cm |BC| = 8 cm  Şekilde verilen ABC dik üçgeni şeklindeki levha, BC ekseni etrafında 	/static/crops/Mikro-2024-Tyt_Ayt-Geometri_Soru_Bankası/Mikro-2024-Tyt_Ayt-Geometri_Soru_Bankası_p0392_q06.png
d51a223a-1e21-52c4-bee2-e0305623a19b	high	broken_text_o	1.265	C	[EA, çembere A noktasında teğet] $|AB|=|AE|$ $m(\widehat{BCD})=120^ ext{o}$ Verilenlere göre, $m(\widehat{AEB})=x$ kaç d	[EA, çembere A noktasında teğet |AB| = |AE| m(BCD) = 120°  Verilenlere göre, m(AEB) = x kaç derecedir?	/static/crops/Mikro_Orijinal-Tyt_Ayt-Geometri_Soru_Bankası_2/Mikro_Orijinal-Tyt_Ayt-Geometri_Soru_Bankası_2_p0298_q01.png
d567b767-8a34-5685-998b-d2339819d473	high	broken_text_o	1.107	D	Aşağıda AOBC ikizkenar yamuğunun üzerine O merkezli açıölçer şekildeki gibi yerleştirilmiştir. AOBC yamuğunun $|OA|$ ve 	7. Aşağıda AOBC ikizkenar yamuğunun üzerine O merkezli açıölçer şekildeki gibi yerleştirilmiştir.  AOBC yamuğunun; [OA] 	/static/crops/Full_Matematik-2022-2023-Tyt_Ayt-Geometri_Soru_Bankası/Full_Matematik-2022-2023-Tyt_Ayt-Geometri_Soru_Bankası_p0169_q01.png
d9e2485d-0bc8-54dd-9c6b-81a5cc04afab	high	italic_i_segment	1.273	B	ABC üçgen, $BA \perp AC$, $AD \perp BC$, $|EAI| = |ADI|$, $|BD| = 9$ birim, $|DC| = 16$ birim. Buna göre, $|EB|$ kaç bir	ABC üçgen BA ⊥ AC AD ⊥ BC |EA| = |AD| |BD| = 9 birim |DC| = 16 birim  Buna göre, |EB| kaç birimdir?	/static/crops/2023-2024-ACİL-TYT-AYT-Geometrinin_İlacı/2023-2024-ACİL-TYT-AYT-Geometrinin_İlacı_p0046_q04.png
e341cd59-607a-5ad9-aefe-2511e683abd0	high	italic_i_segment	1.286	A	ABC üçgen $DE \parallel BC$ $|DF| = 2\sqrt{5}$ birim $|KI| = 3\sqrt{5}$ birim $|FE| = 6$ birim Buna göre, $|KC|$ kaç bir	ABC üçgen DE // BC |DF| = 2√5 birim |BK| = 3√5 birim |FE| = 6 birim  Buna göre, |KC| kaç birimdir?	/static/crops/2023-2024-ACİL-TYT-AYT-Geometrinin_İlacı/2023-2024-ACİL-TYT-AYT-Geometrinin_İlacı_p0084_q02.png
ec58499c-bf89-5973-baa6-9c9b57439d96	high	italic_i_segment	1.008	A	ABC üçgen, $[DC]=[AE]=[K]$, $|AD|=|DB|$, $|BE|=|EC|$, $|DK|+|KI|=16$ cm, $|KE|+|KC|=17$ cm olduğuna göre, $|AE|$ kaç san	ABC üçgen [DC] ∩ [AE] = {K} |AD| = |DB| |BE| = |EC| |DK| + |AK| = 16 cm |KE| + |KC| = 17 cm olduğuna göre, |AE| kaç sant	/static/crops/Mikro-2024-Tyt_Ayt-Geometri_Soru_Bankası/Mikro-2024-Tyt_Ayt-Geometri_Soru_Bankası_p0149_q08.png
ec79e729-fe0d-5839-a7cf-f34c9d370f3b	high	broken_text_o	1.437	E	ABCD yamuk $[DC] \parallel [AB]$ $|DC| = 8$ br $|BC| = 8$ br $m(\widehat{DCB}) = 142^ ext{o}$ $m(\widehat{DAB}) = 71^ ex	ABCD yamuk [DC] // [AB] |DC| = 6 br |BC| = 8 br m(DCB) = 142° m(DAB) = 71°  Yukarıda verilenlere göre, |AB| kaç br'dir?	/static/crops/C1CELL-2024-TYT-AYT-Geometri_Soru_Bankası/C1CELL-2024-TYT-AYT-Geometri_Soru_Bankası_p0215_q04.png
ec84ee55-55c4-558d-86fd-61959b04a6c5	high	italic_i_segment	1.163	C	ABCD eşkenar dörtgen, $[DF] \perp [BC]$, $[KE] \perp [DC]$, $|ELI|=2$ cm, $|IF|=7$ cm, $|IKLJ|=9$ cm olduğuna göre, $|DL	ABCD eşkenar dörtgen [DF] ⊥ [BC] [KE] ⊥ [DC] |EL| = 2 cm |FL| = 7 cm |KL| = 9 cm olduğuna göre, |DL| = x kaç santimetred	/static/crops/Mikro-2024-Tyt_Ayt-Geometri_Soru_Bankası/Mikro-2024-Tyt_Ayt-Geometri_Soru_Bankası_p0241_q04.png
f1278f7f-bf39-58cd-bd55-52e4de778678	high	broken_text_o	1.521	E	ABCD deltoid $|AB| = |BC|$ $m(\widehat{ADB}) = 55^ ext{o}$ $m(\widehat{DBC}) = 30^ ext{o}$ olduğuna göre, $m(\widehat{BC	ABCD deltoid |AB| = |BC| m(A͡DB) = 55° m(D͡BC) = 30° olduğuna göre, m(B͡CD) = x kaç derecedir?	/static/crops/Mikro-2024-Tyt_Ayt-Geometri_Soru_Bankası/Mikro-2024-Tyt_Ayt-Geometri_Soru_Bankası_p0243_q01.png
f6e48f8c-da22-5357-b46b-7ca3f984764a	high	broken_text_o	1.263	C	Büşra, $ABC$ ikizkenar üçgeni biçimindeki kağıdı $B$ noktası $B'$ noktası ile çakışacak şekilde $DE$ boyunca katlıyor. $	Büşra, ABC ikizkenar üçgeni biçimindeki kağıdı B noktası B' noktası ile çakışacak şekilde DE boyunca katlıyor.  |AB| = |	/static/crops/Full_Matematik-2022-2023-Tyt_Ayt-Geometri_Soru_Bankası/Full_Matematik-2022-2023-Tyt_Ayt-Geometri_Soru_Bankası_p0027_q04.png
f8f386c4-fcd8-5ad0-b3de-86b982b6352b	high	broken_text_o	1.361	D	ABC ikizkenar üçgen $|AB| = |BC|$ $|AD| = |AC|$ $m(\widehat{DAC}) = 38^ ext{o}$ $m(\widehat{ABC}) = x$ Buna göre, $x$ ka	ABC ikizkenar üçgen |AB| = |BC| |AD| = |AC| m(DÂC) = 38° m(AÂBC) = x  Buna göre, x kaç derecedir?	/static/crops/2023-2024-ACİL-TYT-AYT-Geometrinin_İlacı/2023-2024-ACİL-TYT-AYT-Geometrinin_İlacı_p0014_q06.png
faada050-d1c3-58d7-88ee-475dedc80983	high	broken_text_o	1.256	A	ABD ve BCE birer dik üçgen $BA \perp AD$ $EC \perp CB$ $m(\widehat{ADB}) = 60^ ext{o}$ $|AB| = 5\sqrt{3}$ birim $|EC| = 	ABD ve BCE birer dik üçgen BA ⊥ AD EC ⊥ CB m(ADB) = 60° |AB| = 5√3 birim |EC| = 3 birim  ABC açısının açıortayı [BD] doğ	/static/crops/2020-2021-Acil-Tyt_Ayt_Geometrinin_ilacı_Soru_Bankası/2020-2021-Acil-Tyt_Ayt_Geometrinin_ilacı_Soru_Bankası_p0048_q06.png
fcecca7f-038c-5648-ab8f-5661b035a98c	high	broken_text_o	1.481	E	ABC eşkenar üçgen $m(\text{DBC}) = 15^ ext{o}$ $|AD| = 2 \text{ cm}$ Yukarıdaki verilere göre, $|DC| = x$ kaç cm'dir?	ABC eşkenar üçgen m(DBC) = 15° |AD| = 2 cm  olduğuna göre, |DC| = x kaç cm'dir?	/static/crops/345_2025_Tyt_Ayt_Geometri_Soru_Bankası_1/345_2025_Tyt_Ayt_Geometri_Soru_Bankası_1_p0062_q01.png
fe3a423a-3fa7-5e7c-a18e-83081b604321	high	italic_i_segment	1.225	D	ABC üçgen, $BA \perp AC$, $FE \perp AD$, $AD \perp BC$, $|BAI| = 15$ birim, $|AE| = 9$ birim. Buna göre, $|DC|$ kaç biri	ABC üçgen BA ⊥ AC FE ⊥ AD AD ⊥ BC |BA| = |AF| = 15 birim |AE| = 9 birim  Buna göre, |DC| kaç birimdir?	/static/crops/2023-2024-ACİL-TYT-AYT-Geometrinin_İlacı/2023-2024-ACİL-TYT-AYT-Geometrinin_İlacı_p0046_q02.png
