idx	bucket	id	book	page	q_no	image_path	ok	jaccard	substr_pct	db_len	db_tail80	ocr_text	raw_response
1	direct	a6bedf0d-c3c2-5beb-b6f0-091f004e22ad	CAP-2023-2024-AYT-Matematik Soru Bankası	289	6	C:\Users\husey\kiro2\d-dataset\output\crops\CAP-2023-2024-AYT-Matematik_Soru_Bankası\CAP-2023-2024-AYT-Matematik_Soru_Bankası_p0289_q04.png	True	0.290	0.778	119	)$ noktasında teğettir. $g(x) = f(5-f(x))$ olduğuna göre, $g'(2)$ değeri kaçtır?	6. y = f(x) fonksiyonunun grafiği aşağıda verilmiştir.  f(x) fonksiyonu d doğrusuna A(2, 3) noktasında teğettir.  g(x) = f(5 – f(x)) olduğuna göre, g'(2) değeri kaçtır?	```json {   "soru_metni": "6. y = f(x) fonksiyonunun grafiği aşağıda verilmiştir.\n\nf(x) fonksiyonu d doğrusuna A(2, 3) noktasında teğettir.\n\ng(x) = f(5 – f(x)) olduğuna göre, g'(2) değeri kaçtır?",   "secenekler": {     "A": "-4",     "B": "-1",     "C": "1",     "D": "2",     "E": "4"   },   "h
2	direct	38a5b945-79c4-51ba-a184-ead70de81faa	Orijinal-2024-Ayt-Trigonometri	25	10	C:\Users\husey\kiro2\d-dataset\output\crops\Orijinal-2024-Ayt-Trigonometri\Orijinal-2024-Ayt-Trigonometri_p0025_q02.png	True	0.364	0.882	201	\(|BH|\) uzunluğunun $\alpha$ türünden değeri aşağıdakilerden hangisine eşittir?	BAC dik üçgen [AB] ⊥ [AC] [BC] ⊥ [AH] |HC| = cotα  m(ÂBH) = α olduğuna göre, |BH| uzunluğunun α türünden değeri aşağıdakilerden hangisine eşittir?	```json {   "soru_metni": "BAC dik üçgen\n[AB] ⊥ [AC]\n[BC] ⊥ [AH]\n|HC| = cotα\n\nm(ÂBH) = α olduğuna göre, |BH| uzunluğunun α türünden değeri aşağıdakilerden hangisine eşittir?",   "secenekler": {     "A": "cot³α",     "B": "cot²α",     "C": "tan²α",     "D": "tan³α",     "E": "sin³α"   },   "has
3	direct	a97f2615-30fa-5713-abea-7eda90385904	2020-2021-Acil-Tyt Ayt Geometrinin ilacı Soru Bankası	96	9	C:\Users\husey\kiro2\d-dataset\output\crops\2020-2021-Acil-Tyt_Ayt_Geometrinin_ilacı_Soru_Bankası\2020-2021-Acil-Tyt_Ayt_Geometrinin_ilacı_Soru_Bankası_p0096_q06.png	True	0.391	0.917	132	dot |AG|$. Buna göre, $\frac{A(\widehat{DEFG})}{A(\widehat{ABC})}$ oranı kaçtır?	ABC üçgen |AF| = |FE| = |EC| |BD| = |DG| = 2 · |AG|  Buna göre, $\frac{A(DEFG)}{A(ABC)}$ oranı kaçtır?	```json {   "soru_metni": "ABC üçgen\n|AF| = |FE| = |EC|\n|BD| = |DG| = 2 · |AG|\n\nBuna göre, $\\frac{A(DEFG)}{A(ABC)}$ oranı kaçtır?",   "secenekler": {     "A": "$\\frac{1}{3}$",     "B": "$\\frac{1}{2}$",     "C": "$\\frac{2}{3}$",     "D": "$\\frac{3}{4}$",     "E": "$\\frac{5}{6}$"   },   "has
4	direct	7f84289e-c7e0-547e-b6e5-037e9ee6574d	CAP-2022-2023-TYT AYT-Geometri Soru Bankası	75	10	C:\Users\husey\kiro2\d-dataset\output\crops\CAP-2022-2023-TYT_AYT-Geometri_Soru_Bankası\CAP-2022-2023-TYT_AYT-Geometri_Soru_Bankası_p0075_q05.png	True	0.545	0.722	183	| = 6$ cm ve $|AD| = 4$ cm dir. Yukarıdaki verilere göre, $|AF| = x$ kaç cm dir?	10. ABC ve ADE ikizkenar dik üçgen $|AB|=|AC|$, $|AD|=|AE|$, $[BA] \perp [AC]$, $[DA] \perp [AE]$. $|AB|=6$ cm ve $|AD|=4$ cm dir.  Yukarıdaki verilere göre, $|AF|=x$ kaç cm dir?	```json {   "soru_metni": "10. ABC ve ADE ikizkenar dik üçgen $|AB|=|AC|$, $|AD|=|AE|$, $[BA] \\perp [AC]$, $[DA] \\perp [AE]$.\n$|AB|=6$ cm ve $|AD|=4$ cm dir.\n\nYukarıdaki verilere göre, $|AF|=x$ kaç cm dir?",   "secenekler": {     "A": "$\\frac{2}{3}$",     "B": "$\\frac{4}{3}$",     "C": "2",  
5	direct	a0f19a90-513f-5ed4-89c2-ef9d49be8d89	Orijinal-Tyt Ayt Geometri Soru Bankası	210	12	C:\Users\husey\kiro2\d-dataset\output\crops\Orijinal-Tyt_Ayt_Geometri_Soru_Bankası\Orijinal-Tyt_Ayt_Geometri_Soru_Bankası_p0210_q06.png	True	0.167	0.900	111	, $|EC| = 3$ cm, $|DE| = 9$ cm. Yukarıdaki verilere göre, $|EB| = x$ kaç cm'dir?	ABCD dikdörtgen |AE| = 11 cm |EC| = 3 cm |DE| = 9 cm  Yukarıda verilenlere göre, |EB| = x kaç cm'dir?	```json {   "soru_metni": "ABCD dikdörtgen\n|AE| = 11 cm\n|EC| = 3 cm\n|DE| = 9 cm\n\nYukarıda verilenlere göre, |EB| = x kaç cm'dir?",   "secenekler": {     "A": "4",     "B": "5",     "C": "6",     "D": "7",     "E": "8"   },   "has_diagram": true,   "diagram_description": "ABCD dikdörtgeni ve içi
6	direct	d088a335-82f4-59d5-94df-aeb3895b2ec3	345 2025 Tyt Ayt Geometri Soru Bankası 1	107	6	C:\Users\husey\kiro2\d-dataset\output\crops\345_2025_Tyt_Ayt_Geometri_Soru_Bankası_1\345_2025_Tyt_Ayt_Geometri_Soru_Bankası_1_p0107_q04.png	True	0.256	1.000	142	]$ açıortay, $|AB| = 4$ cm, $|BD| = 12$ cm olduğuna göre, $|FD| = x$ kaç cm'dir?	A, E ve D doğrusal AB // CD EF // BD [BC] açıortay |AB| = 4 cm |BD| = 12 cm olduğuna göre, |FD| = x kaç cm'dir?	```json {   "soru_metni": "A, E ve D doğrusal\nAB // CD\nEF // BD\n[BC] açıortay\n|AB| = 4 cm\n|BD| = 12 cm\nolduğuna göre, |FD| = x kaç cm'dir?",   "secenekler": {     "A": "1",     "B": "1,5",     "C": "2",     "D": "2,5",     "E": "3"   },   "has_diagram": true,   "diagram_description": "Bir yamu
7	direct	5bffce3f-98a5-5659-bb87-7efc95ae712d	Orijinal-2024-Geometri Soru Bankası	269	10	C:\Users\husey\kiro2\d-dataset\output\crops\Orijinal-2024-Geometri_Soru_Bankası\Orijinal-2024-Geometri_Soru_Bankası_p0269_q01.png	True	0.333	0.500	91	ktasında çembere teğet olduğuna göre; $m(\widehat{CED}) = \alpha$ kaç derecedir?	[BC] ∩ [AD] = {E} m(AF) = m(AB) |CD| = |DE|  [CK, D noktasında çembere teğet olduğuna göre; m(CED) = α kaç derecedir?	```json {   "soru_metni": "[BC] ∩ [AD] = {E}\nm(AF) = m(AB)\n|CD| = |DE|\n\n[CK, D noktasında çembere teğet olduğuna göre; m(CED) = α kaç derecedir?",   "secenekler": {     "A": "30",     "B": "45",     "C": "60",     "D": "75",     "E": "80"   },   "has_diagram": true,   "diagram_description": "Bir
8	direct	c7b36f67-481a-5e1e-be70-14fec655cf7c	Mikro Orijinal-Tyt Ayt-Geometri Soru Bankası 2	214	7	C:\Users\husey\kiro2\d-dataset\output\crops\Mikro_Orijinal-Tyt_Ayt-Geometri_Soru_Bankası_2\Mikro_Orijinal-Tyt_Ayt-Geometri_Soru_Bankası_2_p0214_q01.png	True	0.250	0.600	139	dehat{ECB})$, $|AE| = 4$ cm. Verilenlere göre, Alan(ABCD) kaç $\text{cm}^2$ dir?	ABCD paralelkenar. ED ⊥ DC  m(AD̂E) = m(DĈE) = m(EĈB), |AE| = 4 cm  Verilenlere göre, Alan(ABCD) kaç cm² dir?	```json {   "soru_metni": "ABCD paralelkenar. ED ⊥ DC\n\nm(AD̂E) = m(DĈE) = m(EĈB), |AE| = 4 cm\n\nVerilenlere göre, Alan(ABCD) kaç cm² dir?",   "secenekler": {     "A": "48",     "B": "48√3",     "C": "64",     "D": "64√3",     "E": "72"   },   "has_diagram": true,   "diagram_description": "ABCD 
9	direct	41c50ff9-33ae-5a82-9105-f43a0dd818e7	345 Tyt Ayt Geometri Soru Bankası	325	9	C:\Users\husey\kiro2\d-dataset\output\crops\345_Tyt_Ayt_Geometri_Soru_Bankası\345_Tyt_Ayt_Geometri_Soru_Bankası_p0325_q02.png	True	0.240	1.000	102	, $|DE|=4$ cm, $|EC|=4$ cm, $|AD|=|AC|=8$ cm olduğuna göre, $|BE|=x$ kaç cm'dir?	ABC üçgen |DB| = 2 cm |DE| = |EC| = 4 cm |AD| = |AC| = 8 cm olduğuna göre, |BE| = x kaç cm'dir?	```json {   "soru_metni": "ABC üçgen\n|DB| = 2 cm\n|DE| = |EC| = 4 cm\n|AD| = |AC| = 8 cm\nolduğuna göre, |BE| = x kaç cm'dir?",   "secenekler": {     "A": "3",     "B": "3,5",     "C": "4",     "D": "4,5",     "E": "5"   },   "has_diagram": true,   "diagram_description": "Bir ABC üçgeni. D noktası 
10	direct	417b1cbb-84da-5de6-9865-7327de604eac	2023-2024 ACİL- AYT Matematik Soru Bankası	148	5	C:\Users\husey\kiro2\d-dataset\output\crops\2023-2024_ACİL-_AYT_Matematik_Soru_Bankası\2023-2024_ACİL-_AYT_Matematik_Soru_Bankası_p0148_q02.png	True	0.333	0.750	106	 $|BD|=|DC|$, $|AE|=2$ birim, $|AC|=1$ birim olduğuna göre, $\sin\alpha$ kaçtır?	Şekildeki ABC üçgeninde, |BD| = |DC|, |AB| = 2 birim, |AC| = 1 birim olduğuna göre, sinα kaçtır?	```json {   "soru_metni": "Şekildeki ABC üçgeninde,\n|BD| = |DC|, |AB| = 2 birim, |AC| = 1 birim\nolduğuna göre, sinα kaçtır?",   "secenekler": {     "A": "$\\frac{\\sqrt{3}}{2}$",     "B": "$\\frac{\\sqrt{3}}{4}$",     "C": "$\\frac{\\sqrt{3}}{6}$",     "D": "$\\frac{\\sqrt{2}}{3}$",     "E": "$\\f
11	direct	64100c8e-bac2-5b64-ba76-e2bb1d1c08dd	Full Matematik-2019-2020-Geometri Soru Bankası	73	9	C:\Users\husey\kiro2\d-dataset\output\crops\Full_Matematik-2019-2020-Geometri_Soru_Bankası\Full_Matematik-2019-2020-Geometri_Soru_Bankası_p0073_q05.png	True	0.952	1.000	116	, $|CE| = 5$ cm, $|AD| = 4$ cm. Yukarıdaki verilere göre, $|BC| = x$ kaç cm dir?	ABC eşkenar üçgen, $[DE] \perp [AC]$, $|CE| = 5$ cm, $|AD| = 4$ cm Yukarıdaki verilere göre, $|BC| = x$ kaç cm dir?	```json {   "soru_metni": "ABC eşkenar üçgen, $[DE] \\perp [AC]$, $|CE| = 5$ cm, $|AD| = 4$ cm\nYukarıdaki verilere göre, $|BC| = x$ kaç cm dir?",   "secenekler": {     "A": "6",     "B": "7",     "C": "$\\frac{15}{2}$",     "D": "8",     "E": "9"   },   "has_diagram": true,   "diagram_description":
12	direct	6c8e41a4-0ff7-59b2-914d-9fb122377df0	Bilgi Sarmalı-2025-Tyt Ayt-Geometri Soru Bankası	104	12	C:\Users\husey\kiro2\d-dataset\output\crops\Bilgi_Sarmalı-2025-Tyt_Ayt-Geometri_Soru_Bankası\Bilgi_Sarmalı-2025-Tyt_Ayt-Geometri_Soru_Bankası_p0104_q05.png	True	0.298	0.923	191	E| = 4$ cm, $|CD| = 5$ cm. Buna göre, $m(\widehat{ACD}) = \alpha$ kaç derecedir?	12.  ABC ve CDE üçgen  B, C ve E doğrusal noktalar,  |AB| = 8 cm, |BC| = 6 cm, |AC| = 10 cm  |DE| = 3 cm, |CE| = 4 cm, |CD| = 5 cm  Buna göre, m(AĈD) = α kaç derecedir?	```json {   "soru_metni": "12.\n\nABC ve CDE üçgen\n\nB, C ve E doğrusal noktalar,\n\n|AB| = 8 cm, |BC| = 6 cm, |AC| = 10 cm\n\n|DE| = 3 cm, |CE| = 4 cm, |CD| = 5 cm\n\nBuna göre, m(AĈD) = α kaç derecedir?",   "secenekler": {     "A": "75",     "B": "80",     "C": "85",     "D": "90",     "E": "95" 
13	direct	ed8a1533-96fb-504b-8d8b-4e60a10653d4	C1CELL-2024-TYT-AYT-Geometri Soru Bankası	230	8	C:\Users\husey\kiro2\d-dataset\output\crops\C1CELL-2024-TYT-AYT-Geometri_Soru_Bankası\C1CELL-2024-TYT-AYT-Geometri_Soru_Bankası_p0230_q04.png	True	0.219	0.733	153	yı, $|DB| = 12$ br, $|DF| = 7$ br. Yukarıda verilenlere göre, $|EF|$ kaç br'dir?	ABCD paralelkenar [AE], DÂB'nın açıortayı [CF], DĈB'nın açıortayı |DB| = 12 br |DF| = 7 br  Yukarıda verilenlere göre, |EF| kaç br'dir?	```json {   "soru_metni": "ABCD paralelkenar\n[AE], DÂB'nın açıortayı\n[CF], DĈB'nın açıortayı\n|DB| = 12 br\n|DF| = 7 br\n\nYukarıda verilenlere göre, |EF| kaç br'dir?",   "secenekler": {     "A": "1",     "B": "3/2",     "C": "2",     "D": "5/2",     "E": "3"   },   "has_diagram": true,   "diagram
14	direct	cc35e9a1-cbc0-5d13-b929-51a773f48b7a	2023-2024-ACİL-TYT-AYT-Geometrinin İlacı	20	10	C:\Users\husey\kiro2\d-dataset\output\crops\2023-2024-ACİL-TYT-AYT-Geometrinin_İlacı\2023-2024-ACİL-TYT-AYT-Geometrinin_İlacı_p0020_q01.png	True	0.185	0.667	152	$m(\widehat{ABD})=30^\circ$, $m(\widehat{EDB})=x$. Buna göre, $x$ kaç derecedir?	ABC üçgen ED // BC |BD| = |BC| m(BAC) = 50° m(ABD) = 30° m(EDB) = x  Buna göre, x kaç derecedir?	```json {   "soru_metni": "ABC üçgen\nED // BC\n|BD| = |BC|\nm(BAC) = 50°\nm(ABD) = 30°\nm(EDB) = x\n\nBuna göre, x kaç derecedir?",   "secenekler": {     "A": "30",     "B": "25",     "C": "20",     "D": "15",     "E": "10"   },   "has_diagram": true,   "diagram_description": "Bir ABC üçgeni ve üçg
15	direct	f641aee4-0226-553a-bc73-2c8685e01291	CAP-2022-2023-TYT AYT-Geometri Soru Bankası	193	10	C:\Users\husey\kiro2\d-dataset\output\crops\CAP-2022-2023-TYT_AYT-Geometri_Soru_Bankası\CAP-2022-2023-TYT_AYT-Geometri_Soru_Bankası_p0193_q05.png	True	0.379	0.917	120	| = 2$ cm ve $|HE| = 1$ cm dir. Yukarıdaki verilere göre, $|HD| = x$ kaç cm dir?	ABCD dikdörtgen, [AE] ⊥ [BD], |BH| = 2 cm ve |HE| = 1 cm dir.  Yukarıdaki verilere göre, |HD| = x kaç cm dir?	```json {   "soru_metni": "ABCD dikdörtgen, [AE] ⊥ [BD], |BH| = 2 cm ve |HE| = 1 cm dir.\n\nYukarıdaki verilere göre, |HD| = x kaç cm dir?",   "secenekler": {     "A": "12",     "B": "8",     "C": "7",     "D": "6",     "E": "4"   },   "has_diagram": true,   "diagram_description": "Bir ABCD dikdörtg
16	direct	1bb6e1b8-5149-57f3-bb66-d6f3be5c4cd5	Bilgi Sarmalı-2022-2023-Tyt Ayt-Geometri Soru Bankası	26	7	C:\Users\husey\kiro2\d-dataset\output\crops\Bilgi_Sarmalı-2022-2023-Tyt_Ayt-Geometri_Soru_Bankası\Bilgi_Sarmalı-2022-2023-Tyt_Ayt-Geometri_Soru_Bankası_p0026_q01.png	True	0.333	0.583	156	)=20^{\circ}$ Yukarıdaki verilere göre, $m(\widehat{ABC})=\alpha$ kaç derecedir?	ABC üçgen, |AE| = |DE| = |EC|, m(BÂD) = 30°, m(DĈB) = 20°  Yukarıdaki verilere göre, m(AÂBC) = α kaç derecedir?	```json {   "soru_metni": "ABC üçgen, |AE| = |DE| = |EC|, m(BÂD) = 30°,\nm(DĈB) = 20°\n\nYukarıdaki verilere göre, m(AÂBC) = α kaç derecedir?",   "secenekler": {     "A": "20",     "B": "30",     "C": "40",     "D": "50",     "E": "60"   },   "has_diagram": true,   "diagram_description": "Bir ABC üç
17	direct	f0ce8c3c-e225-5e92-9f56-62821c2203d8	2020-2021-Acil-Tyt Ayt Geometrinin ilacı Soru Bankası	44	9	C:\Users\husey\kiro2\d-dataset\output\crops\2020-2021-Acil-Tyt_Ayt_Geometrinin_ilacı_Soru_Bankası\2020-2021-Acil-Tyt_Ayt_Geometrinin_ilacı_Soru_Bankası_p0044_q06.png	True	0.250	1.000	124	 $|AD|=4$ birim, $|BD|=2$ birim, $|EC|=5$ birim. Buna göre, $|AE|$ kaç birimdir?	ABC dik üçgen, BA ⊥ AC, AD ⊥ BC  |AD| = 4 birim, |BD| = 2 birim, |EC| = 5 birim  Buna göre, |AE| kaç birimdir?	```json {   "soru_metni": "ABC dik üçgen, BA ⊥ AC, AD ⊥ BC\n\n|AD| = 4 birim, |BD| = 2 birim, |EC| = 5 birim\n\nBuna göre, |AE| kaç birimdir?",   "secenekler": {     "A": "7",     "B": "6",     "C": "5",     "D": "4",     "E": "3"   },   "has_diagram": true,   "diagram_description": "ABC dik üçgenin
18	direct	0591f3d0-51c2-503c-8ca8-fea4fbd81237	2020-2021-Acil-Tyt Ayt Geometrinin ilacı Soru Bankası	4	11	C:\Users\husey\kiro2\d-dataset\output\crops\2020-2021-Acil-Tyt_Ayt_Geometrinin_ilacı_Soru_Bankası\2020-2021-Acil-Tyt_Ayt_Geometrinin_ilacı_Soru_Bankası_p0004_q03.png	True	0.240	0.429	148	widehat{BCE}) = 50^\circ$, $m(\widehat{CEF}) = x$. Buna göre, $x$ kaç derecedir?	AB // CD // EF m(ABC) = 110° m(BCE) = 50° m(CEF) = x  Buna göre, x kaç derecedir?	```json {   "soru_metni": "AB // CD // EF\nm(ABC) = 110°\nm(BCE) = 50°\nm(CEF) = x\n\nBuna göre, x kaç derecedir?",   "secenekler": {     "A": "105",     "B": "110",     "C": "115",     "D": "120",     "E": "125"   },   "has_diagram": true,   "diagram_description": "Üç paralel doğru parçası AB, CD, 
19	direct	dadf4552-215a-568c-bcd8-a80b35748230	2023-2024-ACİL-TYT-AYT-Geometrinin İlacı	138	11	C:\Users\husey\kiro2\d-dataset\output\crops\2023-2024-ACİL-TYT-AYT-Geometrinin_İlacı\2023-2024-ACİL-TYT-AYT-Geometrinin_İlacı_p0138_q03.png	True	0.194	0.667	125	birim, $|ICEI| = 4$ birim, $|IEFI| = 2$ birim. Buna göre, $|IBCI|$ kaç birimdir?	ABCD dikdörtgen DE ⊥ CF |DE| = 3 birim |CE| = 4 birim |EF| = 2 birim  Buna göre, |BC| kaç birimdir?	```json {   "soru_metni": "ABCD dikdörtgen\nDE ⊥ CF\n|DE| = 3 birim\n|CE| = 4 birim\n|EF| = 2 birim\n\nBuna göre, |BC| kaç birimdir?",   "secenekler": {     "A": "12/5",     "B": "14/5",     "C": "3",     "D": "16/5",     "E": "18/5"   },   "has_diagram": true,   "diagram_description": "Bir ABCD dik
20	direct	d91e2422-296f-5e25-87a6-217d30b23638	Orijinal-2024-Geometri Soru Bankası	176	11	C:\Users\husey\kiro2\d-dataset\output\crops\Orijinal-2024-Geometri_Soru_Bankası\Orijinal-2024-Geometri_Soru_Bankası_p0176_q04.png	True	0.229	0.857	165	6$ cm, $|CD| = 12$ cm. ABCD deltoidinde verilenlere göre, $|BE| = x$ kaç cm'dir?	[BD] köşegen m(EÂD) = m(DBC) |AB| = |BC| = 9 cm |AE| = 6 cm |CD| = 12 cm  ABCD deltoidinde verilenlere göre, |BE| = x kaç cm'dir?	```json {   "soru_metni": "[BD] köşegen\nm(EÂD) = m(DBC)\n|AB| = |BC| = 9 cm\n|AE| = 6 cm\n|CD| = 12 cm\n\nABCD deltoidinde verilenlere göre, |BE| = x kaç cm'dir?",   "secenekler": {     "A": "9",     "B": "10",     "C": "12",     "D": "15",     "E": "16"   },   "has_diagram": true,   "diagram_descr
21	direct	e2a1a383-2613-5afd-87c8-5aa91f1da2e2	345 2025 Ayt Matematik Soru Bankası	43	8	C:\Users\husey\kiro2\d-dataset\output\crops\345_2025_Ayt_Matematik_Soru_Bankası\345_2025_Ayt_Matematik_Soru_Bankası_p0043_q02.png	True	0.365	0.517	214	 edip sıfır puan verdiğine göre; Didem, çözümün kaçıncı adımında hata yapmıştır?	Aşağıda Didem'in yazılı sınavında sorulan soruya yaptığı çözüm aşamaları gösterilmiştir.  4. Soru  $\sqrt{x-1}+7=x$  denkleminin çözüm kümesi nedir?  I. $(\sqrt{x-1})^2 = (x-7)^2$  II. $x-1 = x^2 - 14	```json {   "soru_metni": "Aşağıda Didem'in yazılı sınavında sorulan soruya yaptığı çözüm aşamaları gösterilmiştir.\n\n4. Soru\n\n$\\sqrt{x-1}+7=x$\n\ndenkleminin çözüm kümesi nedir?\n\nI. $(\\sqrt{x-1})^2 = (x-7)^2$\n\nII. $x-1 = x^2 - 14x + 49$\n\nIII. $0 = x^2 - 15x + 50$\n\nIV. $0 = (x-10) \\cdo
22	direct	0305e211-d565-512c-8106-393cb7100a92	C1CELL-2024-TYT-AYT-Geometri Soru Bankası	230	7	C:\Users\husey\kiro2\d-dataset\output\crops\C1CELL-2024-TYT-AYT-Geometri_Soru_Bankası\C1CELL-2024-TYT-AYT-Geometri_Soru_Bankası_p0230_q01.png	True	0.184	0.875	159	|$, $|EF| = 3$ br, $|CE| = 12$ br. Yukarıda verilenlere göre, $|DC|$ kaç br'dir?	ABCD paralelkenar [CE], DCB'nin açıortayı [CE] ⊥ [EF] |DF| = 2|FA| |EF| = 3 br |CE| = 12 br  Yukarıda verilenlere göre, |DC| kaç br'dir?	```json {   "soru_metni": "ABCD paralelkenar\n[CE], DCB'nin açıortayı\n[CE] ⊥ [EF]\n|DF| = 2|FA|\n|EF| = 3 br\n|CE| = 12 br\n\nYukarıda verilenlere göre, |DC| kaç br'dir?",   "secenekler": {     "A": "10",     "B": "9",     "C": "8",     "D": "7",     "E": "6"   },   "has_diagram": true,   "diagram_
23	direct	aca0ed21-9b42-57a5-8114-81e243630df2	Bilgi Sarmalı-2025-Tyt Ayt-Geometri Soru Bankası	30	9	C:\Users\husey\kiro2\d-dataset\output\crops\Bilgi_Sarmalı-2025-Tyt_Ayt-Geometri_Soru_Bankası\Bilgi_Sarmalı-2025-Tyt_Ayt-Geometri_Soru_Bankası_p0030_q05.png	True	0.304	0.500	127	circ$, $m(\text{ACB}) = 60^\circ$. Buna göre, $m(\text{BDE}) = x$ kaç derecedir?	ABC üçgen, |BD| = |BE|, m(BAC) = 80°, m(ACB) = 60°  Buna göre, m(BDE) = x kaç derecedir?	```json {   "soru_metni": "ABC üçgen, |BD| = |BE|, m(BAC) = 80°, m(ACB) = 60°\n\nBuna göre, m(BDE) = x kaç derecedir?",   "secenekler": {     "A": "80",     "B": "70",     "C": "65",     "D": "60",     "E": "50"   },   "has_diagram": true,   "diagram_description": "Bir ABC üçgeni. D noktası AB kenar
24	direct	87a10cfb-1e50-5071-9231-bf6a005d1c32	2020-2021-Acil-Tyt Ayt Geometrinin ilacı Soru Bankası	136	9	C:\Users\husey\kiro2\d-dataset\output\crops\2020-2021-Acil-Tyt_Ayt_Geometrinin_ilacı_Soru_Bankası\2020-2021-Acil-Tyt_Ayt_Geometrinin_ilacı_Soru_Bankası_p0136_q06.png	True	0.250	0.500	111	17}$ birim $IBCI = 8$ birim $Alan(ABCD) = 2x^2$ birimkare Buna göre, $x$ kaçtır?	ABCD dikdörtgen |AB| = $4^{17}$ br |BC| = $8^7$ br Alan(ABCD) = $2^x$ br$^2$  Buna göre, x kaçtır?	```json {   "soru_metni": "ABCD dikdörtgen\n|AB| = $4^{17}$ br\n|BC| = $8^7$ br\nAlan(ABCD) = $2^x$ br$^2$\n\nBuna göre, x kaçtır?",   "secenekler": {     "A": "24",     "B": "48",     "C": "55",     "D": "60",     "E": "72"   },   "has_diagram": true,   "diagram_description": "ABCD dikdörtgeni ve k
25	direct	6747a88d-d3eb-506c-9d7a-17e787ac03aa	CAP-2022-2023-TYT AYT-Geometri Soru Bankası	77	6	C:\Users\husey\kiro2\d-dataset\output\crops\CAP-2022-2023-TYT_AYT-Geometri_Soru_Bankası\CAP-2022-2023-TYT_AYT-Geometri_Soru_Bankası_p0077_q01.png	True	0.267	1.000	116	ıortay, $|DE|=4$ cm, $|AD|=2$ cm. Yukarıdaki verilere göre, $|BC|=x$ kaç cm dir?	ABC üçgen [DE] // [BC] [BE] açıortay |DE| = 4 cm |AD| = 2 cm Yukarıdaki verilere göre, |BC| = x kaç cm dir?	```json {   "soru_metni": "ABC üçgen\n[DE] // [BC]\n[BE] açıortay\n|DE| = 4 cm\n|AD| = 2 cm\nYukarıdaki verilere göre, |BC| = x kaç cm dir?",   "secenekler": {     "A": "10",     "B": "12",     "C": "14",     "D": "16",     "E": "18"   },   "has_diagram": true,   "diagram_description": "Bir ABC üçge
26	direct	d1cf79e7-3bef-5c3c-8261-83c1e04a3221	Orijinal-2024-Geometri Soru Bankası	47	7	C:\Users\husey\kiro2\d-dataset\output\crops\Orijinal-2024-Geometri_Soru_Bankası\Orijinal-2024-Geometri_Soru_Bankası_p0047_q01.png	True	0.348	0.875	164	]$, $[ET]\perp[BD]$. Yukarıdaki verilere göre, $\frac{|HT|}{|CD|}$ oranı kaçtır?	ABC ikizkenar üçgen |AB| = |AC| m(BÊT) = m(TÊD) [AH] ⊥ [BD] [ET] ⊥ [BD]  Yukarıdaki verilere göre, $\frac{|HT|}{|CD|}$ oranı kaçtır?	```json {   "soru_metni": "ABC ikizkenar üçgen\n|AB| = |AC|\nm(BÊT) = m(TÊD)\n[AH] ⊥ [BD]\n[ET] ⊥ [BD]\n\nYukarıdaki verilere göre, $\\frac{|HT|}{|CD|}$ oranı kaçtır?",   "secenekler": {     "A": "1",     "B": "$\\frac{1}{2}$",     "C": "$\\frac{1}{3}$",     "D": "$\\frac{2}{3}$",     "E": "$\\frac{
27	direct	05626a67-28bd-5f36-af27-65c4a925d5df	345 2025 Tyt Ayt Geometri Soru Bankası 1	61	8	C:\Users\husey\kiro2\d-dataset\output\crops\345_2025_Tyt_Ayt_Geometri_Soru_Bankası_1\345_2025_Tyt_Ayt_Geometri_Soru_Bankası_1_p0061_q04.png	True	0.276	0.500	139	{AD}| = 2$ cm, $|\text{EC}| = 4$ cm olduğuna göre, $|\text{BD}| = x$ kaç cm'dir?	ABC eşkenar üçgen [DE] ⊥ [BC] |AD| = 2 cm |EC| = 4 cm  olduğuna göre, |BD| = x kaç cm'dir?	```json {   "soru_metni": "ABC eşkenar üçgen\n[DE] ⊥ [BC]\n|AD| = 2 cm\n|EC| = 4 cm\n\nolduğuna göre, |BD| = x kaç cm'dir?",   "secenekler": {     "A": "8",     "B": "2√19",     "C": "9",     "D": "6√2",     "E": "2√21"   },   "has_diagram": true,   "diagram_description": "Bir ABC eşkenar üçgeni. D 
28	direct	2928494c-7dce-51dd-9b79-fb21011bfb87	Mikro Orijinal-2024-Tyt-Matematik Soru Bankası	359	1	C:\Users\husey\kiro2\d-dataset\output\crops\Mikro_Orijinal-2024-Tyt-Matematik_Soru_Bankası\Mikro_Orijinal-2024-Tyt-Matematik_Soru_Bankası_p0359_q01.png	True	0.087	0.188	144	enn şemasıyla verilen bağıntılardan hangileri A'dan B'ye bir fonksiyon belirtir?	Aşağıda verilen ifadelerden hangileri fonksiyondur?  I. f : R⁺→R, f(x) = $\frac{x + 3}{x + 2}$ II. g : R→R, g(x) = $\frac{x + 2}{5}$ III. h : Z→N, h(x) = |x - 3|	```json {   "soru_metni": "Aşağıda verilen ifadelerden hangileri fonksiyondur?\n\nI. f : R⁺→R, f(x) = $\\frac{x + 3}{x + 2}$\nII. g : R→R, g(x) = $\\frac{x + 2}{5}$\nIII. h : Z→N, h(x) = |x - 3|",   "secenekler": {     "A": "",     "B": "",     "C": "",     "D": "",     "E": ""   },   "has_diagram":
29	direct	9a32a1c8-0e34-58a5-bdba-21e6772d28ff	Full-2019-2020-Ayt-Matematik Soru Bankası	181	8	C:\Users\husey\kiro2\d-dataset\output\crops\Full-2019-2020-Ayt-Matematik_Soru_Bankası\Full-2019-2020-Ayt-Matematik_Soru_Bankası_p0181_q03.png	False	0	0	179	göre, $\lim_{|OK| \to 4^-} \frac{A(KBCDONO)}{A(OPRM)}$ ifadesinin değeri kaçtır?	ERROR:Invalid operation: The `response.text` quick accessor requires the response to contain a valid `Part`, but none were returned. The candidate's [finish_reason](https://ai.google.dev/api/generate-conten	
30	direct	b22c8249-3e80-5515-ba95-01ca3c8c0db1	C1CELL-2024-TYT-AYT-Geometri Soru Bankası	221	12	C:\Users\husey\kiro2\d-dataset\output\crops\C1CELL-2024-TYT-AYT-Geometri_Soru_Bankası\C1CELL-2024-TYT-AYT-Geometri_Soru_Bankası_p0221_q05.png	True	0.225	0.722	199	(\widehat{ECB}) = 60^\circ$ Yukarıda verilenlere göre, $A(ABCD)$ kaç $br^2$ dir?	ABCD yamuk [DC] // [AB] [CB] ⊥ [AB] |DE| = |EA| |DC| = $2\sqrt{3}$ br |AB| = $6\sqrt{3}$ br m(ECB) = 60°  Yukarıda verilenlere göre, A(ABCD) kaç br² dir?	```json {   "soru_metni": "ABCD yamuk\n[DC] // [AB]\n[CB] ⊥ [AB]\n|DE| = |EA|\n|DC| = $2\\sqrt{3}$ br\n|AB| = $6\\sqrt{3}$ br\nm(ECB) = 60°\n\nYukarıda verilenlere göre, A(ABCD) kaç br² dir?",   "secenekler": {     "A": "$40\\sqrt{3}$",     "B": "$36\\sqrt{3}$",     "C": "$32\\sqrt{3}$",     "D": "$
31	page	68d394cb-0db0-59db-ab95-2edcf21fe197	Aktif Ogrenme 2025 Tyt Fizik Soru Bankası	62	7	C:\Users\husey\kiro2\veriseti\zkitap\screenshots\Aktif Ogrenme 2025 Tyt Fizik Soru Bankası\sayfa_0062.png	True	0.872	0.970	275	i sıvı basıncının zamana göre değişim grafiği aşağıdakilerden hangisi gibi olur?	Düşey kesiti şekildeki gibi olan, eşit hacim bölmeli kap içerisindeki sıvı, akış hızı sabit muslukla boşaltılmak isteniyor. Musluk bir bölmeyi t sürede boşaltıyor.  Buna göre, K noktasındaki sıvı bası	```json {   "soru_no": 7,   "soru_metni": "Düşey kesiti şekildeki gibi olan, eşit hacim bölmeli kap içerisindeki sıvı, akış hızı sabit muslukla boşaltılmak isteniyor. Musluk bir bölmeyi t sürede boşaltıyor.\n\nBuna göre, K noktasındaki sıvı basıncının zamana göre değişim grafiği aşağıdakilerden hang
32	page	1558c182-17ca-50d1-b44b-762b0fb76b73	345 2025 Tyt Ayt Geometri Soru Bankası 1	13	6	C:\Users\husey\kiro2\veriseti\zkitap\screenshots\345 2025 Tyt Ayt Geometri Soru Bankası 1\sayfa_0013.png	True	0.286	0.462	175	idehat{BCD}) = 150^ ext{o}$ olduğuna göre, $m(\widehat{BFD}) = x$ kaç derecedir?	[BE] ve [DA] açıortay m(BAD) = 80°, m(BED) = 100°, m(BCD) = 150° olduğuna göre, m(BFD) = x kaç derecedir?	```json {   "soru_no": 6,   "soru_metni": "[BE] ve [DA] açıortay\nm(BAD) = 80°, m(BED) = 100°, m(BCD) = 150°\nolduğuna göre, m(BFD) = x kaç derecedir?",   "secenekler": {     "A": "120",     "B": "110",     "C": "115",     "D": "100",     "E": "105"   },   "has_diagram": true,   "diagram_description
33	page	a08eb9b4-8e79-51c3-8351-96cdd83ca952	Bilgi Sarmalı-2024-Ayt-Matematik Soru Bankası	58	13	C:\Users\husey\kiro2\veriseti\zkitap\screenshots\Bilgi Sarmalı-2024-Ayt-Matematik Soru Bankası\sayfa_0058.png	True	0.704	0.949	370	ı $(x^2+5x+14) \text{ cm}^2$ olduğuna göre, oluşan bu şeklin çevresi kaç cm'dir?	Kısa kenarı 4 cm ve uzun kenarı (x + 6) cm olan dikdörtgen şeklinde iki eş kağıt parçası aşağıda verilmiştir.  Bu kâğıt parçalarından birinin kısa kenarı, diğerinin uzun kenarına paralel olacak şekild	```json {   "soru_no": 13,   "soru_metni": "Kısa kenarı 4 cm ve uzun kenarı (x + 6) cm olan dikdörtgen şeklinde iki eş kağıt parçası aşağıda verilmiştir.\n\nBu kâğıt parçalarından birinin kısa kenarı, diğerinin uzun kenarına paralel olacak şekilde aşağıdaki gibi üst üste konuluyor.\n\nKâğıtlar üst ü
34	page	9dee5933-d5c6-5e6a-98cb-db8c492f9aeb	Bilgi Sarmalı-2025-Ayt-Matematik Soru Bankası	119	10	C:\Users\husey\kiro2\veriseti\zkitap\screenshots\Bilgi Sarmalı-2025-Ayt-Matematik Soru Bankası\sayfa_0119.png	True	0.854	0.970	356	uğuna göre, gülle yerden en çok kaç metre yükseğe çıkabilir? (1 birim = 1 metre)	Fırlatılan bir güllenin dik koordinat düzleminde modellemesi aşağıda verilmiştir.  Toptan fırlatılan gülle O noktasından başlayarak y = 16·x - x² denklemi ile parabolik bir yol izleyip en son A noktas	```json {   "soru_no": 10,   "soru_metni": "Fırlatılan bir güllenin dik koordinat düzleminde modellemesi aşağıda verilmiştir.\n\nToptan fırlatılan gülle O noktasından başlayarak y = 16·x - x² denklemi ile parabolik bir yol izleyip en son A noktasında gözlemleniyor.\n\nFırlatıldığı anda güllenin yerd
35	page	0ac83828-9ded-52d2-a0dc-f3a8843ffd90	Aktif Ogrenme 2025 Tyt Fizik Soru Bankası	111	4	C:\Users\husey\kiro2\veriseti\zkitap\screenshots\Aktif Ogrenme 2025 Tyt Fizik Soru Bankası\sayfa_0111.png	True	0.243	0.462	147	'de ulaşmaktadır. Buna göre, cismin ortalama hız ve ortalama sürati kaç m/s'dir?	Çember şeklindeki bir yolun A noktasından B noktasına şekildeki yörüngeyi izleyerek 5 sn de gelen bir cismin, sürat ve hızı kaç m/s dir? (π = 3)	```json {   "soru_no": 4,   "soru_metni": "Çember şeklindeki bir yolun A noktasından B noktasına şekildeki yörüngeyi izleyerek 5 sn de gelen bir cismin, sürat ve hızı kaç m/s dir? (π = 3)",   "secenekler": {     "A": "Sürat: 6, Hız: 6",     "B": "Sürat: 6, Hız: 4",     "C": "Sürat: 4, Hız: 6",     "
36	page	c141e077-7a3a-5234-984b-502f9f291420	Mikro-2024-Tyt Ayt-Geometri Soru Bankası	241	15	C:\Users\husey\kiro2\veriseti\zkitap\screenshots\Mikro-2024-Tyt Ayt-Geometri Soru Bankası\sayfa_0241.png	True	0.267	1.000	132	[AB]$, $|AE|=3$ cm, $|EC|=4$ cm olduğuna göre, Alan(ABCD) kaç santimetrekaredir?	ABCD deltoid [AC] ve [DB] köşegen [AD] ⊥ [AB] |AE| = 3 cm |EC| = 4 cm olduğuna göre, Alan(ABCD) kaç santimetrekaredir?	```json {   "soru_no": 15,   "soru_metni": "ABCD deltoid\n[AC] ve [DB] köşegen\n[AD] ⊥ [AB]\n|AE| = 3 cm\n|EC| = 4 cm\nolduğuna göre, Alan(ABCD) kaç santimetrekaredir?",   "secenekler": {     "A": "21",     "B": "22",     "C": "24",     "D": "25",     "E": "26"   },   "has_diagram": true,   "diagram
37	page	38fe363b-46a9-569b-9602-b96fe34d1b07	2019-2020-ACİL-AYT-Matematik Soru Bankası	299	12	C:\Users\husey\kiro2\veriseti\zkitap\screenshots\2019-2020-ACİL-AYT-Matematik Soru Bankası\sayfa_0299.png	True	0.600	0.882	187	na göre,  $\lim_{h \to 0^+} \frac{\pi r^2 h}{h^2+x^2}$  limitinin değeri kaçtır?	Aşağıda hacmi 12π birimküp olan bir dik koni verilmiştir. Konide h birim yüksekliğinde su vardır.  Buna göre,  lim_{h→H⁻} πr²h  limitinin değeri kaçtır?	```json {   "soru_no": 12,   "soru_metni": "Aşağıda hacmi 12π birimküp olan bir dik koni verilmiştir. Konide h birim yüksekliğinde su vardır.\n\nBuna göre,\n\nlim_{h→H⁻} πr²h\n\nlimitinin değeri kaçtır?",   "secenekler": {     "A": "4π",     "B": "8π",     "C": "12π",     "D": "24π",     "E": "36π" 
38	page	1e196855-d36f-5f56-bb3a-573b1915a2a2	C1CELL-2024-TYT-AYT-Geometri Soru Bankası	370	9	C:\Users\husey\kiro2\veriseti\zkitap\screenshots\C1CELL-2024-TYT-AYT-Geometri Soru Bankası\sayfa_0370.png	True	0.833	1.000	78	Dik koordinat düzleminde verilenlere göre, OAC üçgeninin alanı kaç $br^2$ dir?	Dik koordinat düzleminde verilenlere göre, OAC üçgeninin alanı kaç br² dir?	```json {   "soru_no": 9,   "soru_metni": "Dik koordinat düzleminde verilenlere göre, OAC üçgeninin alanı kaç br² dir?",   "secenekler": {     "A": "2",     "B": "3",     "C": "4",     "D": "5",     "E": "6"   },   "has_diagram": true,   "diagram_description": "Bir dik koordinat düzleminde OAC üçgen
39	page	7b64d69d-2f2b-5a23-99a3-302ac611bfe4	Mikro Orijinal-2025-Ayt-Geometri Soru Bankası	275	2	C:\Users\husey\kiro2\veriseti\zkitap\screenshots\Mikro Orijinal-2025-Ayt-Geometri Soru Bankası\sayfa_0275.png	True	1.000	1.000	126	ileri aşağıda bir kenar uzunluğu verilen karenin içerisine tam olarak sığabilir?	Yukarıda yarıçapları verilen çemberlerden hangileri aşağıda bir kenar uzunluğu verilen karenin içerisine tam olarak sığabilir?	```json {   "soru_no": 2,   "soru_metni": "Yukarıda yarıçapları verilen çemberlerden hangileri aşağıda bir kenar uzunluğu verilen karenin içerisine tam olarak sığabilir?",   "secenekler": {},   "has_diagram": true,   "diagram_description": "Sırasıyla 3 cm, √10 cm ve 2√2 cm yarıçaplı I, II ve III eti
40	page	76af5de2-45dd-50ad-9b8c-165de5a5d133	Orijinal-2024-Geometri Soru Bankası	31	9	C:\Users\husey\kiro2\veriseti\zkitap\screenshots\Orijinal-2024-Geometri Soru Bankası\sayfa_0031.png	True	0.194	0.933	157	|BD|=|DC|$, $|AD|=6\sqrt{2}$ cm. Yukarıda verilenlere göre, $|BE|=x$ kaç cm'dir?	BAC dik üçgen [BA] ⊥ [AC] [BE] ⊥ [ED] [AH] ⊥ [BC] |BD| = |DC| |AB| = 6√2 cm  Yukarıda verilenlere göre, |BE| = x kaç cm'dir?	```json {   "soru_no": 9,   "soru_metni": "BAC dik üçgen\n[BA] ⊥ [AC]\n[BE] ⊥ [ED]\n[AH] ⊥ [BC]\n|BD| = |DC|\n|AB| = 6√2 cm\n\nYukarıda verilenlere göre, |BE| = x kaç cm'dir?",   "secenekler": {     "A": "4",     "B": "6",     "C": "7",     "D": "8",     "E": "3√3"   },   "has_diagram": true,   "dia
41	page	30147d50-1918-5d09-8319-f54e54ea71ee	Bilgi Sarmal 2025 Tyt Kimya Video Ders Kitabı	24	9	C:\Users\husey\kiro2\veriseti\zkitap\screenshots\Bilgi Sarmal 2025 Tyt Kimya Video Ders Kitabı\sayfa_0024.png	True	0.708	0.706	175	 izobardır. III. X ve Z tanecikleri izotoptur. ifadelerinden hangileri doğrudur?	$_{a}^{2a+1}X$, $_{a-1}^{2a-2}Y$, $_{a-1}^{2a-2}Z$  Yukarıda verilen tanecikler ile ilgili,  I. X ve Y tanecikleri izotondur. II. Y ve Z tanecikleri izobardır. III. X ve Z tanecikleri izotoptur.  ifad	```json {   "soru_no": 9,   "soru_metni": "$_{a}^{2a+1}X$, $_{a-1}^{2a-2}Y$, $_{a-1}^{2a-2}Z$\n\nYukarıda verilen tanecikler ile ilgili,\n\nI. X ve Y tanecikleri izotondur.\nII. Y ve Z tanecikleri izobardır.\nIII. X ve Z tanecikleri izotoptur.\n\nifadelerden hangileri doğrudur?",   "secenekler": {  
42	page	430bb68e-34f7-5fca-a31d-d78670ad8726	Bilgi Sarmalı-2022-2023-Tyt-Matematik Soru Bankası	334	14	C:\Users\husey\kiro2\veriseti\zkitap\screenshots\Bilgi Sarmalı-2022-2023-Tyt-Matematik Soru Bankası\sayfa_0334.png	True	0.724	0.941	165	çekmektedir. $|CB| = 4 \text{ km}$. Buna göre, $|AC|$ mesafesi en az kaç km'dir?	C noktasındaki bir kamera dikey olarak yükselen bir sıcak hava balonunun fotoğrafını çekmektedir.  |CB| = |BA| = 4 km  Buna göre, |AC| mesafesi en az kaç km'dir?	```json {   "soru_no": 14,   "soru_metni": "C noktasındaki bir kamera dikey olarak yükselen bir sıcak hava balonunun fotoğrafını çekmektedir.\n\n|CB| = |BA| = 4 km\n\nBuna göre, |AC| mesafesi en az kaç km'dir?",   "secenekler": {     "A": "1",     "B": "2",     "C": "2√2",     "D": "3",     "E": "4√
43	page	c68593ea-75a3-524d-bf02-29bebc5668ad	Aromat 2024 Ayt Fen Bilimleri	12	None	C:\Users\husey\kiro2\veriseti\zkitap\screenshots\Aromat 2024 Ayt Fen Bilimleri\sayfa_0012.png	True	0.057	0.184	316	{B}_2$ manyetik alanlarının yönleri ile ilgili aşağıdakilerden hangisi doğrudur?	Üzerinden i akımı geçen şekildeki iletken çerçeve B⃗ manyetik alanının etkisiyle d ekseni çevresinde dönmektedir.  Buna göre,  I. Çerçevenin 1 ve 2 kenarlarına uygulanan kuvvetler zıt yönlüdür. II. i 	```json {   "soru_no": null,   "soru_metni": "Üzerinden i akımı geçen şekildeki iletken çerçeve B⃗ manyetik alanının etkisiyle d ekseni çevresinde dönmektedir.\n\nBuna göre,\n\nI. Çerçevenin 1 ve 2 kenarlarına uygulanan kuvvetler zıt yönlüdür.\nII. i akımı azaltılırsa çerçeveye uygulanan manyetik to
44	page	77011d84-9797-5553-b8ab-1db59370262a	345 2025 Ayt Matematik Soru Bankası	113	10	C:\Users\husey\kiro2\veriseti\zkitap\screenshots\345 2025 Ayt Matematik Soru Bankası\sayfa_0113.png	True	0.650	0.786	111	 bölgesinde birim çember üzerindedir. Buna göre, $\cos(2\pi - u)$ değeri kaçtır?	P(\frac{cotα}{3}, sinα) noktası, analitik düzlemin I. bölgesinde birim çember üzerindedir.  Buna göre, cos(2π - α) değeri kaçtır?	```json {   "soru_no": 10,   "soru_metni": "P(\\frac{cotα}{3}, sinα) noktası, analitik düzlemin I. bölgesinde birim çember üzerindedir.\n\nBuna göre, cos(2π - α) değeri kaçtır?",   "secenekler": {     "A": "\\frac{\\sqrt{2}}{2}",     "B": "\\frac{2\\sqrt{2}}{3}",     "C": "\\frac{\\sqrt{2}}{3}",    
45	page	cb6c49d7-66a1-5b50-88c1-fbf3cc59441b	345 2025 Tyt Ayt Geometri Soru Bankası 1	101	10	C:\Users\husey\kiro2\veriseti\zkitap\screenshots\345 2025 Tyt Ayt Geometri Soru Bankası 1\sayfa_0101.png	True	0.200	1.000	138	 $|AB| = 6$ cm $|EB| = 8$ cm $|ED| = 9$ cm olduğuna göre, $|BC| = x$ kaç cm'dir?	E, B ve C doğrusal ED // AB AE // CD |AB| = 6 cm |EB| = 8 cm |ED| = 9 cm olduğuna göre, |BC| = x kaç cm'dir?	```json {   "soru_no": 10,   "soru_metni": "E, B ve C doğrusal\nED // AB\nAE // CD\n|AB| = 6 cm\n|EB| = 8 cm\n|ED| = 9 cm\nolduğuna göre, |BC| = x kaç cm'dir?",   "secenekler": {     "A": "2",     "B": "3",     "C": "4",     "D": "5",     "E": "6"   },   "has_diagram": true,   "diagram_description":
46	page	1aaf5def-a070-5bfb-b06f-ea187c431f64	C1CELL-2024-TYT-AYT-Geometri Soru Bankası	189	8	C:\Users\husey\kiro2\veriseti\zkitap\screenshots\C1CELL-2024-TYT-AYT-Geometri Soru Bankası\sayfa_0189.png	True	0.871	1.000	242	irc$ olduğuna göre, bu düzgün çokgenin bir iç açısının ölçüsü $x$ kaç derecedir?	Şekilde, bir düzgün çokgenin altı farklı kenarı siyah renkte ve iki farklı köşegeni mavi renkte gösterilmiştir.  Köşegenler arasında kalan dar açının ölçüsü 24° olduğuna göre, bu düzgün çokgenin bir i	```json {   "soru_no": 8,   "soru_metni": "Şekilde, bir düzgün çokgenin altı farklı kenarı siyah renkte ve iki farklı köşegeni mavi renkte gösterilmiştir.\n\nKöşegenler arasında kalan dar açının ölçüsü 24° olduğuna göre, bu düzgün çokgenin bir iç açısının ölçüsü x kaç derecedir?",   "secenekler": { 
47	page	18911ba1-21bd-5dd7-8f8a-2cb315808199	Aromat -2023-2024-Matematik Soru Bankası	385	6	C:\Users\husey\kiro2\veriseti\zkitap\screenshots\Aromat -2023-2024-Matematik Soru Bankası\sayfa_0385.png	True	0.941	1.000	399	na göre, $x$ sayısının alabileceği değerlerin kümesi aşağıdakilerden hangisidir?	Aşağıda verilen 2 satır ve 2 sütundan oluşan tablo, en üst satırdan başlayarak soldan sağa doğru ve yukarıdan aşağıya doğru 3 artırılarak dolduruluyor. Tablodaki iki kutu arasındaki işlemlerin yapılma	```json {   "soru_no": 6,   "soru_metni": "Aşağıda verilen 2 satır ve 2 sütundan oluşan tablo, en üst satırdan başlayarak soldan sağa doğru ve yukarıdan aşağıya doğru 3 artırılarak dolduruluyor. Tablodaki iki kutu arasındaki işlemlerin yapılmasıyla A, B, C ve D sayıları oluşturuluyor.\n\nA, B, C ve 
48	page	483c596f-db62-5b27-915d-3fc90bab44e7	2023-2024-ACİL-TYT-AYT Geometri Soru Bankası	417	10	C:\Users\husey\kiro2\veriseti\zkitap\screenshots\2023-2024-ACİL-TYT-AYT Geometri Soru Bankası\sayfa_0417.png	True	0.702	0.907	536	l 2'deki konuma getirildiğinde silindirin içinde bulunan su hangi oranda azalır?	Taban yarıçapı r, yüksekliği h olan bir dik silindirin hacmi, `V_silindir = πr²h` formülü ile bulunur. Taban yarıçapı r, yüksekliği h olan bir dik koninin hacmi, `V_koni = \frac{πr²h}{3}` formülü ile 	```json {   "soru_no": 10,   "soru_metni": "Taban yarıçapı r, yüksekliği h olan bir dik silindirin hacmi, `V_silindir = πr²h` formülü ile bulunur.\nTaban yarıçapı r, yüksekliği h olan bir dik koninin hacmi, `V_koni = \\frac{πr²h}{3}` formülü ile bulunur.\n\nŞekil 1'deki yarısı su dolu cisim, bir tab
49	page	5dda18a2-bd85-51ce-b128-d230ff9815cd	345 2025 Tyt Ayt Geometri Soru Bankası 1	123	7	C:\Users\husey\kiro2\veriseti\zkitap\screenshots\345 2025 Tyt Ayt Geometri Soru Bankası 1\sayfa_0123.png	True	0.429	1.000	114	 $[AB] \perp [AC]$ $|AB| = 3$ cm $|BC| = 5$ cm olduğuna göre, $|EF|$ kaç cm'dir?	ABC dik üçgen EDCF eşkenar dörtgen [AB] ⊥ [AC] |AB| = 3 cm |BC| = 5 cm olduğuna göre, |EF| kaç cm'dir?	```json {   "soru_no": 7,   "soru_metni": "ABC dik üçgen\nEDCF eşkenar dörtgen\n[AB] ⊥ [AC]\n|AB| = 3 cm\n|BC| = 5 cm\nolduğuna göre, |EF| kaç cm'dir?",   "secenekler": {     "A": "20/9",     "B": "11/5",     "C": "12/5",     "D": "7/3",     "E": "8/3"   },   "has_diagram": true,   "diagram_descript
50	page	d3e36ae3-f2ff-5183-9225-56441aaef374	Bilgi Sarmal 2024 Ayt Kimya Sopru Bankasi	225	5	C:\Users\husey\kiro2\veriseti\zkitap\screenshots\Bilgi Sarmal 2024 Ayt Kimya Sopru Bankasi\sayfa_0225.png	True	0.245	0.370	322	}$'tur. II. $E_{pil} > 0,59 \text{ V}$'tur. III. $E_{pil} < 0,59 \text{ V}$'tur.	Voltmotre Tuz köprüsü Cu(k) Ni(k) 1 M 100 mL CuCl₂ 0,1 M 100 mL NiCl₂ Cu(k) → Cu²⁺(suda) + 2e⁻   E° = -0,34 V Ni(k) → Ni²⁺(suda) + 2e⁻   E° = 0,25 V Bilgilerine göre, I. E_pil = 0,59 V'tur. II. E_pil 	```json {   "soru_no": 5,   "soru_metni": "Voltmotre\nTuz köprüsü\nCu(k)\nNi(k)\n1 M 100 mL\nCuCl₂\n0,1 M 100 mL\nNiCl₂\nCu(k) → Cu²⁺(suda) + 2e⁻   E° = -0,34 V\nNi(k) → Ni²⁺(suda) + 2e⁻   E° = 0,25 V\nBilgilerine göre,\nI. E_pil = 0,59 V'tur.\nII. E_pil > 0,59 V'tur.\nIII. E_pil < 0,59 V'tur.\nyarg
