idx	bucket	id	book	page	q_no	image_path	db_len	db_tail80	ocr_text_full	jaccard	substr_pct	verdict_huseyin
1	direct	a6bedf0d-c3c2-5beb-b6f0-091f004e22ad	CAP-2023-2024-AYT-Matematik Soru Bankası	289	6	C:\Users\husey\kiro2\d-dataset\output\crops\CAP-2023-2024-AYT-Matematik_Soru_Bankası\CAP-2023-2024-AYT-Matematik_Soru_Bankası_p0289_q04.png	119	)$ noktasında teğettir. $g(x) = f(5-f(x))$ olduğuna göre, $g'(2)$ değeri kaçtır?	6. y = f(x) fonksiyonunun grafiği aşağıda verilmiştir.  f(x) fonksiyonu d doğrusuna A(2, 3) noktasında teğettir.  g(x) = f(5 – f(x)) olduğuna göre, g'(2) değeri kaçtır?	0.290	0.778	
2	direct	38a5b945-79c4-51ba-a184-ead70de81faa	Orijinal-2024-Ayt-Trigonometri	25	10	C:\Users\husey\kiro2\d-dataset\output\crops\Orijinal-2024-Ayt-Trigonometri\Orijinal-2024-Ayt-Trigonometri_p0025_q02.png	201	\(|BH|\) uzunluğunun $\alpha$ türünden değeri aşağıdakilerden hangisine eşittir?	BAC dik üçgen [AB] ⊥ [AC] [BC] ⊥ [AH] |HC| = cotα  m(ÂBH) = α olduğuna göre, |BH| uzunluğunun α türünden değeri aşağıdakilerden hangisine eşittir?	0.364	0.882	
3	direct	a97f2615-30fa-5713-abea-7eda90385904	2020-2021-Acil-Tyt Ayt Geometrinin ilacı Soru Bankası	96	9	C:\Users\husey\kiro2\d-dataset\output\crops\2020-2021-Acil-Tyt_Ayt_Geometrinin_ilacı_Soru_Bankası\2020-2021-Acil-Tyt_Ayt_Geometrinin_ilacı_Soru_Bankası_p0096_q06.png	132	dot |AG|$. Buna göre, $\frac{A(\widehat{DEFG})}{A(\widehat{ABC})}$ oranı kaçtır?	ABC üçgen |AF| = |FE| = |EC| |BD| = |DG| = 2 · |AG|  Buna göre, $\frac{A(DEFG)}{A(ABC)}$ oranı kaçtır?	0.391	0.917	
4	direct	7f84289e-c7e0-547e-b6e5-037e9ee6574d	CAP-2022-2023-TYT AYT-Geometri Soru Bankası	75	10	C:\Users\husey\kiro2\d-dataset\output\crops\CAP-2022-2023-TYT_AYT-Geometri_Soru_Bankası\CAP-2022-2023-TYT_AYT-Geometri_Soru_Bankası_p0075_q05.png	183	| = 6$ cm ve $|AD| = 4$ cm dir. Yukarıdaki verilere göre, $|AF| = x$ kaç cm dir?	10. ABC ve ADE ikizkenar dik üçgen $|AB|=|AC|$, $|AD|=|AE|$, $[BA] \perp [AC]$, $[DA] \perp [AE]$. $|AB|=6$ cm ve $|AD|=4$ cm dir.  Yukarıdaki verilere göre, $|AF|=x$ kaç cm dir?	0.545	0.722	
5	direct	a0f19a90-513f-5ed4-89c2-ef9d49be8d89	Orijinal-Tyt Ayt Geometri Soru Bankası	210	12	C:\Users\husey\kiro2\d-dataset\output\crops\Orijinal-Tyt_Ayt_Geometri_Soru_Bankası\Orijinal-Tyt_Ayt_Geometri_Soru_Bankası_p0210_q06.png	111	, $|EC| = 3$ cm, $|DE| = 9$ cm. Yukarıdaki verilere göre, $|EB| = x$ kaç cm'dir?	ABCD dikdörtgen |AE| = 11 cm |EC| = 3 cm |DE| = 9 cm  Yukarıda verilenlere göre, |EB| = x kaç cm'dir?	0.167	0.900	
6	direct	d088a335-82f4-59d5-94df-aeb3895b2ec3	345 2025 Tyt Ayt Geometri Soru Bankası 1	107	6	C:\Users\husey\kiro2\d-dataset\output\crops\345_2025_Tyt_Ayt_Geometri_Soru_Bankası_1\345_2025_Tyt_Ayt_Geometri_Soru_Bankası_1_p0107_q04.png	142	]$ açıortay, $|AB| = 4$ cm, $|BD| = 12$ cm olduğuna göre, $|FD| = x$ kaç cm'dir?	A, E ve D doğrusal AB // CD EF // BD [BC] açıortay |AB| = 4 cm |BD| = 12 cm olduğuna göre, |FD| = x kaç cm'dir?	0.256	1.000	
7	direct	5bffce3f-98a5-5659-bb87-7efc95ae712d	Orijinal-2024-Geometri Soru Bankası	269	10	C:\Users\husey\kiro2\d-dataset\output\crops\Orijinal-2024-Geometri_Soru_Bankası\Orijinal-2024-Geometri_Soru_Bankası_p0269_q01.png	91	ktasında çembere teğet olduğuna göre; $m(\widehat{CED}) = \alpha$ kaç derecedir?	[BC] ∩ [AD] = {E} m(AF) = m(AB) |CD| = |DE|  [CK, D noktasında çembere teğet olduğuna göre; m(CED) = α kaç derecedir?	0.333	0.500	
8	direct	c7b36f67-481a-5e1e-be70-14fec655cf7c	Mikro Orijinal-Tyt Ayt-Geometri Soru Bankası 2	214	7	C:\Users\husey\kiro2\d-dataset\output\crops\Mikro_Orijinal-Tyt_Ayt-Geometri_Soru_Bankası_2\Mikro_Orijinal-Tyt_Ayt-Geometri_Soru_Bankası_2_p0214_q01.png	139	dehat{ECB})$, $|AE| = 4$ cm. Verilenlere göre, Alan(ABCD) kaç $\text{cm}^2$ dir?	ABCD paralelkenar. ED ⊥ DC  m(AD̂E) = m(DĈE) = m(EĈB), |AE| = 4 cm  Verilenlere göre, Alan(ABCD) kaç cm² dir?	0.250	0.600	
9	direct	41c50ff9-33ae-5a82-9105-f43a0dd818e7	345 Tyt Ayt Geometri Soru Bankası	325	9	C:\Users\husey\kiro2\d-dataset\output\crops\345_Tyt_Ayt_Geometri_Soru_Bankası\345_Tyt_Ayt_Geometri_Soru_Bankası_p0325_q02.png	102	, $|DE|=4$ cm, $|EC|=4$ cm, $|AD|=|AC|=8$ cm olduğuna göre, $|BE|=x$ kaç cm'dir?	ABC üçgen |DB| = 2 cm |DE| = |EC| = 4 cm |AD| = |AC| = 8 cm olduğuna göre, |BE| = x kaç cm'dir?	0.240	1.000	
10	direct	417b1cbb-84da-5de6-9865-7327de604eac	2023-2024 ACİL- AYT Matematik Soru Bankası	148	5	C:\Users\husey\kiro2\d-dataset\output\crops\2023-2024_ACİL-_AYT_Matematik_Soru_Bankası\2023-2024_ACİL-_AYT_Matematik_Soru_Bankası_p0148_q02.png	106	 $|BD|=|DC|$, $|AE|=2$ birim, $|AC|=1$ birim olduğuna göre, $\sin\alpha$ kaçtır?	Şekildeki ABC üçgeninde, |BD| = |DC|, |AB| = 2 birim, |AC| = 1 birim olduğuna göre, sinα kaçtır?	0.333	0.750	
11	direct	64100c8e-bac2-5b64-ba76-e2bb1d1c08dd	Full Matematik-2019-2020-Geometri Soru Bankası	73	9	C:\Users\husey\kiro2\d-dataset\output\crops\Full_Matematik-2019-2020-Geometri_Soru_Bankası\Full_Matematik-2019-2020-Geometri_Soru_Bankası_p0073_q05.png	116	, $|CE| = 5$ cm, $|AD| = 4$ cm. Yukarıdaki verilere göre, $|BC| = x$ kaç cm dir?	ABC eşkenar üçgen, $[DE] \perp [AC]$, $|CE| = 5$ cm, $|AD| = 4$ cm Yukarıdaki verilere göre, $|BC| = x$ kaç cm dir?	0.952	1.000	
12	direct	6c8e41a4-0ff7-59b2-914d-9fb122377df0	Bilgi Sarmalı-2025-Tyt Ayt-Geometri Soru Bankası	104	12	C:\Users\husey\kiro2\d-dataset\output\crops\Bilgi_Sarmalı-2025-Tyt_Ayt-Geometri_Soru_Bankası\Bilgi_Sarmalı-2025-Tyt_Ayt-Geometri_Soru_Bankası_p0104_q05.png	191	E| = 4$ cm, $|CD| = 5$ cm. Buna göre, $m(\widehat{ACD}) = \alpha$ kaç derecedir?	12.  ABC ve CDE üçgen  B, C ve E doğrusal noktalar,  |AB| = 8 cm, |BC| = 6 cm, |AC| = 10 cm  |DE| = 3 cm, |CE| = 4 cm, |CD| = 5 cm  Buna göre, m(AĈD) = α kaç derecedir?	0.298	0.923	
13	direct	ed8a1533-96fb-504b-8d8b-4e60a10653d4	C1CELL-2024-TYT-AYT-Geometri Soru Bankası	230	8	C:\Users\husey\kiro2\d-dataset\output\crops\C1CELL-2024-TYT-AYT-Geometri_Soru_Bankası\C1CELL-2024-TYT-AYT-Geometri_Soru_Bankası_p0230_q04.png	153	yı, $|DB| = 12$ br, $|DF| = 7$ br. Yukarıda verilenlere göre, $|EF|$ kaç br'dir?	ABCD paralelkenar [AE], DÂB'nın açıortayı [CF], DĈB'nın açıortayı |DB| = 12 br |DF| = 7 br  Yukarıda verilenlere göre, |EF| kaç br'dir?	0.219	0.733	
14	direct	cc35e9a1-cbc0-5d13-b929-51a773f48b7a	2023-2024-ACİL-TYT-AYT-Geometrinin İlacı	20	10	C:\Users\husey\kiro2\d-dataset\output\crops\2023-2024-ACİL-TYT-AYT-Geometrinin_İlacı\2023-2024-ACİL-TYT-AYT-Geometrinin_İlacı_p0020_q01.png	152	$m(\widehat{ABD})=30^\circ$, $m(\widehat{EDB})=x$. Buna göre, $x$ kaç derecedir?	ABC üçgen ED // BC |BD| = |BC| m(BAC) = 50° m(ABD) = 30° m(EDB) = x  Buna göre, x kaç derecedir?	0.185	0.667	
15	direct	f641aee4-0226-553a-bc73-2c8685e01291	CAP-2022-2023-TYT AYT-Geometri Soru Bankası	193	10	C:\Users\husey\kiro2\d-dataset\output\crops\CAP-2022-2023-TYT_AYT-Geometri_Soru_Bankası\CAP-2022-2023-TYT_AYT-Geometri_Soru_Bankası_p0193_q05.png	120	| = 2$ cm ve $|HE| = 1$ cm dir. Yukarıdaki verilere göre, $|HD| = x$ kaç cm dir?	ABCD dikdörtgen, [AE] ⊥ [BD], |BH| = 2 cm ve |HE| = 1 cm dir.  Yukarıdaki verilere göre, |HD| = x kaç cm dir?	0.379	0.917	
16	direct	1bb6e1b8-5149-57f3-bb66-d6f3be5c4cd5	Bilgi Sarmalı-2022-2023-Tyt Ayt-Geometri Soru Bankası	26	7	C:\Users\husey\kiro2\d-dataset\output\crops\Bilgi_Sarmalı-2022-2023-Tyt_Ayt-Geometri_Soru_Bankası\Bilgi_Sarmalı-2022-2023-Tyt_Ayt-Geometri_Soru_Bankası_p0026_q01.png	156	)=20^{\circ}$ Yukarıdaki verilere göre, $m(\widehat{ABC})=\alpha$ kaç derecedir?	ABC üçgen, |AE| = |DE| = |EC|, m(BÂD) = 30°, m(DĈB) = 20°  Yukarıdaki verilere göre, m(AÂBC) = α kaç derecedir?	0.333	0.583	
17	direct	f0ce8c3c-e225-5e92-9f56-62821c2203d8	2020-2021-Acil-Tyt Ayt Geometrinin ilacı Soru Bankası	44	9	C:\Users\husey\kiro2\d-dataset\output\crops\2020-2021-Acil-Tyt_Ayt_Geometrinin_ilacı_Soru_Bankası\2020-2021-Acil-Tyt_Ayt_Geometrinin_ilacı_Soru_Bankası_p0044_q06.png	124	 $|AD|=4$ birim, $|BD|=2$ birim, $|EC|=5$ birim. Buna göre, $|AE|$ kaç birimdir?	ABC dik üçgen, BA ⊥ AC, AD ⊥ BC  |AD| = 4 birim, |BD| = 2 birim, |EC| = 5 birim  Buna göre, |AE| kaç birimdir?	0.250	1.000	
18	direct	0591f3d0-51c2-503c-8ca8-fea4fbd81237	2020-2021-Acil-Tyt Ayt Geometrinin ilacı Soru Bankası	4	11	C:\Users\husey\kiro2\d-dataset\output\crops\2020-2021-Acil-Tyt_Ayt_Geometrinin_ilacı_Soru_Bankası\2020-2021-Acil-Tyt_Ayt_Geometrinin_ilacı_Soru_Bankası_p0004_q03.png	148	widehat{BCE}) = 50^\circ$, $m(\widehat{CEF}) = x$. Buna göre, $x$ kaç derecedir?	AB // CD // EF m(ABC) = 110° m(BCE) = 50° m(CEF) = x  Buna göre, x kaç derecedir?	0.240	0.429	
19	direct	dadf4552-215a-568c-bcd8-a80b35748230	2023-2024-ACİL-TYT-AYT-Geometrinin İlacı	138	11	C:\Users\husey\kiro2\d-dataset\output\crops\2023-2024-ACİL-TYT-AYT-Geometrinin_İlacı\2023-2024-ACİL-TYT-AYT-Geometrinin_İlacı_p0138_q03.png	125	birim, $|ICEI| = 4$ birim, $|IEFI| = 2$ birim. Buna göre, $|IBCI|$ kaç birimdir?	ABCD dikdörtgen DE ⊥ CF |DE| = 3 birim |CE| = 4 birim |EF| = 2 birim  Buna göre, |BC| kaç birimdir?	0.194	0.667	
20	direct	d91e2422-296f-5e25-87a6-217d30b23638	Orijinal-2024-Geometri Soru Bankası	176	11	C:\Users\husey\kiro2\d-dataset\output\crops\Orijinal-2024-Geometri_Soru_Bankası\Orijinal-2024-Geometri_Soru_Bankası_p0176_q04.png	165	6$ cm, $|CD| = 12$ cm. ABCD deltoidinde verilenlere göre, $|BE| = x$ kaç cm'dir?	[BD] köşegen m(EÂD) = m(DBC) |AB| = |BC| = 9 cm |AE| = 6 cm |CD| = 12 cm  ABCD deltoidinde verilenlere göre, |BE| = x kaç cm'dir?	0.229	0.857	
21	direct	e2a1a383-2613-5afd-87c8-5aa91f1da2e2	345 2025 Ayt Matematik Soru Bankası	43	8	C:\Users\husey\kiro2\d-dataset\output\crops\345_2025_Ayt_Matematik_Soru_Bankası\345_2025_Ayt_Matematik_Soru_Bankası_p0043_q02.png	214	 edip sıfır puan verdiğine göre; Didem, çözümün kaçıncı adımında hata yapmıştır?	Aşağıda Didem'in yazılı sınavında sorulan soruya yaptığı çözüm aşamaları gösterilmiştir.  4. Soru  $\sqrt{x-1}+7=x$  denkleminin çözüm kümesi nedir?  I. $(\sqrt{x-1})^2 = (x-7)^2$  II. $x-1 = x^2 - 14x + 49$  III. $0 = x^2 - 15x + 50$  IV. $0 = (x-10) \cdot (x-5)$  $\rightarrow x-10=0 \quad \rightarrow x-5=0$  $x=10 \qquad x=5$  V. $x_1=5$ ve $x_2=10$ köklerinin her ikisini de denklemin çözüm kümesinin elemanı kabul ederim.  Bu çözümü gören öğretmen bu soruyu yanlış kabul edip sıfır puan verdiğine göre; Didem, çözümün kaçıncı adımında hata yapmıştır?	0.365	0.517	
22	direct	0305e211-d565-512c-8106-393cb7100a92	C1CELL-2024-TYT-AYT-Geometri Soru Bankası	230	7	C:\Users\husey\kiro2\d-dataset\output\crops\C1CELL-2024-TYT-AYT-Geometri_Soru_Bankası\C1CELL-2024-TYT-AYT-Geometri_Soru_Bankası_p0230_q01.png	159	|$, $|EF| = 3$ br, $|CE| = 12$ br. Yukarıda verilenlere göre, $|DC|$ kaç br'dir?	ABCD paralelkenar [CE], DCB'nin açıortayı [CE] ⊥ [EF] |DF| = 2|FA| |EF| = 3 br |CE| = 12 br  Yukarıda verilenlere göre, |DC| kaç br'dir?	0.184	0.875	
23	direct	aca0ed21-9b42-57a5-8114-81e243630df2	Bilgi Sarmalı-2025-Tyt Ayt-Geometri Soru Bankası	30	9	C:\Users\husey\kiro2\d-dataset\output\crops\Bilgi_Sarmalı-2025-Tyt_Ayt-Geometri_Soru_Bankası\Bilgi_Sarmalı-2025-Tyt_Ayt-Geometri_Soru_Bankası_p0030_q05.png	127	circ$, $m(\text{ACB}) = 60^\circ$. Buna göre, $m(\text{BDE}) = x$ kaç derecedir?	ABC üçgen, |BD| = |BE|, m(BAC) = 80°, m(ACB) = 60°  Buna göre, m(BDE) = x kaç derecedir?	0.304	0.500	
24	direct	87a10cfb-1e50-5071-9231-bf6a005d1c32	2020-2021-Acil-Tyt Ayt Geometrinin ilacı Soru Bankası	136	9	C:\Users\husey\kiro2\d-dataset\output\crops\2020-2021-Acil-Tyt_Ayt_Geometrinin_ilacı_Soru_Bankası\2020-2021-Acil-Tyt_Ayt_Geometrinin_ilacı_Soru_Bankası_p0136_q06.png	111	17}$ birim $IBCI = 8$ birim $Alan(ABCD) = 2x^2$ birimkare Buna göre, $x$ kaçtır?	ABCD dikdörtgen |AB| = $4^{17}$ br |BC| = $8^7$ br Alan(ABCD) = $2^x$ br$^2$  Buna göre, x kaçtır?	0.250	0.500	
25	direct	6747a88d-d3eb-506c-9d7a-17e787ac03aa	CAP-2022-2023-TYT AYT-Geometri Soru Bankası	77	6	C:\Users\husey\kiro2\d-dataset\output\crops\CAP-2022-2023-TYT_AYT-Geometri_Soru_Bankası\CAP-2022-2023-TYT_AYT-Geometri_Soru_Bankası_p0077_q01.png	116	ıortay, $|DE|=4$ cm, $|AD|=2$ cm. Yukarıdaki verilere göre, $|BC|=x$ kaç cm dir?	ABC üçgen [DE] // [BC] [BE] açıortay |DE| = 4 cm |AD| = 2 cm Yukarıdaki verilere göre, |BC| = x kaç cm dir?	0.267	1.000	
26	direct	d1cf79e7-3bef-5c3c-8261-83c1e04a3221	Orijinal-2024-Geometri Soru Bankası	47	7	C:\Users\husey\kiro2\d-dataset\output\crops\Orijinal-2024-Geometri_Soru_Bankası\Orijinal-2024-Geometri_Soru_Bankası_p0047_q01.png	164	]$, $[ET]\perp[BD]$. Yukarıdaki verilere göre, $\frac{|HT|}{|CD|}$ oranı kaçtır?	ABC ikizkenar üçgen |AB| = |AC| m(BÊT) = m(TÊD) [AH] ⊥ [BD] [ET] ⊥ [BD]  Yukarıdaki verilere göre, $\frac{|HT|}{|CD|}$ oranı kaçtır?	0.348	0.875	
27	direct	05626a67-28bd-5f36-af27-65c4a925d5df	345 2025 Tyt Ayt Geometri Soru Bankası 1	61	8	C:\Users\husey\kiro2\d-dataset\output\crops\345_2025_Tyt_Ayt_Geometri_Soru_Bankası_1\345_2025_Tyt_Ayt_Geometri_Soru_Bankası_1_p0061_q04.png	139	{AD}| = 2$ cm, $|\text{EC}| = 4$ cm olduğuna göre, $|\text{BD}| = x$ kaç cm'dir?	ABC eşkenar üçgen [DE] ⊥ [BC] |AD| = 2 cm |EC| = 4 cm  olduğuna göre, |BD| = x kaç cm'dir?	0.276	0.500	
28	direct	2928494c-7dce-51dd-9b79-fb21011bfb87	Mikro Orijinal-2024-Tyt-Matematik Soru Bankası	359	1	C:\Users\husey\kiro2\d-dataset\output\crops\Mikro_Orijinal-2024-Tyt-Matematik_Soru_Bankası\Mikro_Orijinal-2024-Tyt-Matematik_Soru_Bankası_p0359_q01.png	144	enn şemasıyla verilen bağıntılardan hangileri A'dan B'ye bir fonksiyon belirtir?	Aşağıda verilen ifadelerden hangileri fonksiyondur?  I. f : R⁺→R, f(x) = $\frac{x + 3}{x + 2}$ II. g : R→R, g(x) = $\frac{x + 2}{5}$ III. h : Z→N, h(x) = |x - 3|	0.087	0.188	
30	direct	b22c8249-3e80-5515-ba95-01ca3c8c0db1	C1CELL-2024-TYT-AYT-Geometri Soru Bankası	221	12	C:\Users\husey\kiro2\d-dataset\output\crops\C1CELL-2024-TYT-AYT-Geometri_Soru_Bankası\C1CELL-2024-TYT-AYT-Geometri_Soru_Bankası_p0221_q05.png	199	(\widehat{ECB}) = 60^\circ$ Yukarıda verilenlere göre, $A(ABCD)$ kaç $br^2$ dir?	ABCD yamuk [DC] // [AB] [CB] ⊥ [AB] |DE| = |EA| |DC| = $2\sqrt{3}$ br |AB| = $6\sqrt{3}$ br m(ECB) = 60°  Yukarıda verilenlere göre, A(ABCD) kaç br² dir?	0.225	0.722	
31	page	68d394cb-0db0-59db-ab95-2edcf21fe197	Aktif Ogrenme 2025 Tyt Fizik Soru Bankası	62	7	C:\Users\husey\kiro2\veriseti\zkitap\screenshots\Aktif Ogrenme 2025 Tyt Fizik Soru Bankası\sayfa_0062.png	275	i sıvı basıncının zamana göre değişim grafiği aşağıdakilerden hangisi gibi olur?	Düşey kesiti şekildeki gibi olan, eşit hacim bölmeli kap içerisindeki sıvı, akış hızı sabit muslukla boşaltılmak isteniyor. Musluk bir bölmeyi t sürede boşaltıyor.  Buna göre, K noktasındaki sıvı basıncının zamana göre değişim grafiği aşağıdakilerden hangisi gibi olur?	0.872	0.970	
32	page	1558c182-17ca-50d1-b44b-762b0fb76b73	345 2025 Tyt Ayt Geometri Soru Bankası 1	13	6	C:\Users\husey\kiro2\veriseti\zkitap\screenshots\345 2025 Tyt Ayt Geometri Soru Bankası 1\sayfa_0013.png	175	idehat{BCD}) = 150^ ext{o}$ olduğuna göre, $m(\widehat{BFD}) = x$ kaç derecedir?	[BE] ve [DA] açıortay m(BAD) = 80°, m(BED) = 100°, m(BCD) = 150° olduğuna göre, m(BFD) = x kaç derecedir?	0.286	0.462	
33	page	a08eb9b4-8e79-51c3-8351-96cdd83ca952	Bilgi Sarmalı-2024-Ayt-Matematik Soru Bankası	58	13	C:\Users\husey\kiro2\veriseti\zkitap\screenshots\Bilgi Sarmalı-2024-Ayt-Matematik Soru Bankası\sayfa_0058.png	370	ı $(x^2+5x+14) \text{ cm}^2$ olduğuna göre, oluşan bu şeklin çevresi kaç cm'dir?	Kısa kenarı 4 cm ve uzun kenarı (x + 6) cm olan dikdörtgen şeklinde iki eş kağıt parçası aşağıda verilmiştir.  Bu kâğıt parçalarından birinin kısa kenarı, diğerinin uzun kenarına paralel olacak şekilde aşağıdaki gibi üst üste konuluyor.  Kâğıtlar üst üste konulduktan sonra oluşan şeklin alanı (x² + 5x + 14) cm² olduğuna göre, oluşan bu şeklin çevresi kaç cm dir?	0.704	0.949	
34	page	9dee5933-d5c6-5e6a-98cb-db8c492f9aeb	Bilgi Sarmalı-2025-Ayt-Matematik Soru Bankası	119	10	C:\Users\husey\kiro2\veriseti\zkitap\screenshots\Bilgi Sarmalı-2025-Ayt-Matematik Soru Bankası\sayfa_0119.png	356	uğuna göre, gülle yerden en çok kaç metre yükseğe çıkabilir? (1 birim = 1 metre)	Fırlatılan bir güllenin dik koordinat düzleminde modellemesi aşağıda verilmiştir.  Toptan fırlatılan gülle O noktasından başlayarak y = 16·x - x² denklemi ile parabolik bir yol izleyip en son A noktasında gözlemleniyor.  Fırlatıldığı anda güllenin yerden yüksekliği 1 metre olduğuna göre, gülle yerden en çok kaç metre yükseğe çıkabilir? (1 birim = 1 metre)	0.854	0.970	
35	page	0ac83828-9ded-52d2-a0dc-f3a8843ffd90	Aktif Ogrenme 2025 Tyt Fizik Soru Bankası	111	4	C:\Users\husey\kiro2\veriseti\zkitap\screenshots\Aktif Ogrenme 2025 Tyt Fizik Soru Bankası\sayfa_0111.png	147	'de ulaşmaktadır. Buna göre, cismin ortalama hız ve ortalama sürati kaç m/s'dir?	Çember şeklindeki bir yolun A noktasından B noktasına şekildeki yörüngeyi izleyerek 5 sn de gelen bir cismin, sürat ve hızı kaç m/s dir? (π = 3)	0.243	0.462	
36	page	c141e077-7a3a-5234-984b-502f9f291420	Mikro-2024-Tyt Ayt-Geometri Soru Bankası	241	15	C:\Users\husey\kiro2\veriseti\zkitap\screenshots\Mikro-2024-Tyt Ayt-Geometri Soru Bankası\sayfa_0241.png	132	[AB]$, $|AE|=3$ cm, $|EC|=4$ cm olduğuna göre, Alan(ABCD) kaç santimetrekaredir?	ABCD deltoid [AC] ve [DB] köşegen [AD] ⊥ [AB] |AE| = 3 cm |EC| = 4 cm olduğuna göre, Alan(ABCD) kaç santimetrekaredir?	0.267	1.000	
37	page	38fe363b-46a9-569b-9602-b96fe34d1b07	2019-2020-ACİL-AYT-Matematik Soru Bankası	299	12	C:\Users\husey\kiro2\veriseti\zkitap\screenshots\2019-2020-ACİL-AYT-Matematik Soru Bankası\sayfa_0299.png	187	na göre,  $\lim_{h \to 0^+} \frac{\pi r^2 h}{h^2+x^2}$  limitinin değeri kaçtır?	Aşağıda hacmi 12π birimküp olan bir dik koni verilmiştir. Konide h birim yüksekliğinde su vardır.  Buna göre,  lim_{h→H⁻} πr²h  limitinin değeri kaçtır?	0.600	0.882	
38	page	1e196855-d36f-5f56-bb3a-573b1915a2a2	C1CELL-2024-TYT-AYT-Geometri Soru Bankası	370	9	C:\Users\husey\kiro2\veriseti\zkitap\screenshots\C1CELL-2024-TYT-AYT-Geometri Soru Bankası\sayfa_0370.png	78	Dik koordinat düzleminde verilenlere göre, OAC üçgeninin alanı kaç $br^2$ dir?	Dik koordinat düzleminde verilenlere göre, OAC üçgeninin alanı kaç br² dir?	0.833	1.000	
39	page	7b64d69d-2f2b-5a23-99a3-302ac611bfe4	Mikro Orijinal-2025-Ayt-Geometri Soru Bankası	275	2	C:\Users\husey\kiro2\veriseti\zkitap\screenshots\Mikro Orijinal-2025-Ayt-Geometri Soru Bankası\sayfa_0275.png	126	ileri aşağıda bir kenar uzunluğu verilen karenin içerisine tam olarak sığabilir?	Yukarıda yarıçapları verilen çemberlerden hangileri aşağıda bir kenar uzunluğu verilen karenin içerisine tam olarak sığabilir?	1.000	1.000	
40	page	76af5de2-45dd-50ad-9b8c-165de5a5d133	Orijinal-2024-Geometri Soru Bankası	31	9	C:\Users\husey\kiro2\veriseti\zkitap\screenshots\Orijinal-2024-Geometri Soru Bankası\sayfa_0031.png	157	|BD|=|DC|$, $|AD|=6\sqrt{2}$ cm. Yukarıda verilenlere göre, $|BE|=x$ kaç cm'dir?	BAC dik üçgen [BA] ⊥ [AC] [BE] ⊥ [ED] [AH] ⊥ [BC] |BD| = |DC| |AB| = 6√2 cm  Yukarıda verilenlere göre, |BE| = x kaç cm'dir?	0.194	0.933	
41	page	30147d50-1918-5d09-8319-f54e54ea71ee	Bilgi Sarmal 2025 Tyt Kimya Video Ders Kitabı	24	9	C:\Users\husey\kiro2\veriseti\zkitap\screenshots\Bilgi Sarmal 2025 Tyt Kimya Video Ders Kitabı\sayfa_0024.png	175	 izobardır. III. X ve Z tanecikleri izotoptur. ifadelerinden hangileri doğrudur?	$_{a}^{2a+1}X$, $_{a-1}^{2a-2}Y$, $_{a-1}^{2a-2}Z$  Yukarıda verilen tanecikler ile ilgili,  I. X ve Y tanecikleri izotondur. II. Y ve Z tanecikleri izobardır. III. X ve Z tanecikleri izotoptur.  ifadelerden hangileri doğrudur?	0.708	0.706	
42	page	430bb68e-34f7-5fca-a31d-d78670ad8726	Bilgi Sarmalı-2022-2023-Tyt-Matematik Soru Bankası	334	14	C:\Users\husey\kiro2\veriseti\zkitap\screenshots\Bilgi Sarmalı-2022-2023-Tyt-Matematik Soru Bankası\sayfa_0334.png	165	çekmektedir. $|CB| = 4 \text{ km}$. Buna göre, $|AC|$ mesafesi en az kaç km'dir?	C noktasındaki bir kamera dikey olarak yükselen bir sıcak hava balonunun fotoğrafını çekmektedir.  |CB| = |BA| = 4 km  Buna göre, |AC| mesafesi en az kaç km'dir?	0.724	0.941	
43	page	c68593ea-75a3-524d-bf02-29bebc5668ad	Aromat 2024 Ayt Fen Bilimleri	12	None	C:\Users\husey\kiro2\veriseti\zkitap\screenshots\Aromat 2024 Ayt Fen Bilimleri\sayfa_0012.png	316	{B}_2$ manyetik alanlarının yönleri ile ilgili aşağıdakilerden hangisi doğrudur?	Üzerinden i akımı geçen şekildeki iletken çerçeve B⃗ manyetik alanının etkisiyle d ekseni çevresinde dönmektedir.  Buna göre,  I. Çerçevenin 1 ve 2 kenarlarına uygulanan kuvvetler zıt yönlüdür. II. i akımı azaltılırsa çerçeveye uygulanan manyetik tork azalır. III. Manyetik alan şiddeti artırılırsa manyetik torkun şiddeti artar.  yargılarından hangileri doğrudur?	0.057	0.184	
44	page	77011d84-9797-5553-b8ab-1db59370262a	345 2025 Ayt Matematik Soru Bankası	113	10	C:\Users\husey\kiro2\veriseti\zkitap\screenshots\345 2025 Ayt Matematik Soru Bankası\sayfa_0113.png	111	 bölgesinde birim çember üzerindedir. Buna göre, $\cos(2\pi - u)$ değeri kaçtır?	P(\frac{cotα}{3}, sinα) noktası, analitik düzlemin I. bölgesinde birim çember üzerindedir.  Buna göre, cos(2π - α) değeri kaçtır?	0.650	0.786	
45	page	cb6c49d7-66a1-5b50-88c1-fbf3cc59441b	345 2025 Tyt Ayt Geometri Soru Bankası 1	101	10	C:\Users\husey\kiro2\veriseti\zkitap\screenshots\345 2025 Tyt Ayt Geometri Soru Bankası 1\sayfa_0101.png	138	 $|AB| = 6$ cm $|EB| = 8$ cm $|ED| = 9$ cm olduğuna göre, $|BC| = x$ kaç cm'dir?	E, B ve C doğrusal ED // AB AE // CD |AB| = 6 cm |EB| = 8 cm |ED| = 9 cm olduğuna göre, |BC| = x kaç cm'dir?	0.200	1.000	
46	page	1aaf5def-a070-5bfb-b06f-ea187c431f64	C1CELL-2024-TYT-AYT-Geometri Soru Bankası	189	8	C:\Users\husey\kiro2\veriseti\zkitap\screenshots\C1CELL-2024-TYT-AYT-Geometri Soru Bankası\sayfa_0189.png	242	irc$ olduğuna göre, bu düzgün çokgenin bir iç açısının ölçüsü $x$ kaç derecedir?	Şekilde, bir düzgün çokgenin altı farklı kenarı siyah renkte ve iki farklı köşegeni mavi renkte gösterilmiştir.  Köşegenler arasında kalan dar açının ölçüsü 24° olduğuna göre, bu düzgün çokgenin bir iç açısının ölçüsü x kaç derecedir?	0.871	1.000	
47	page	18911ba1-21bd-5dd7-8f8a-2cb315808199	Aromat -2023-2024-Matematik Soru Bankası	385	6	C:\Users\husey\kiro2\veriseti\zkitap\screenshots\Aromat -2023-2024-Matematik Soru Bankası\sayfa_0385.png	399	na göre, $x$ sayısının alabileceği değerlerin kümesi aşağıdakilerden hangisidir?	Aşağıda verilen 2 satır ve 2 sütundan oluşan tablo, en üst satırdan başlayarak soldan sağa doğru ve yukarıdan aşağıya doğru 3 artırılarak dolduruluyor. Tablodaki iki kutu arasındaki işlemlerin yapılmasıyla A, B, C ve D sayıları oluşturuluyor.  A, B, C ve D sayıları  $\frac{2 \cdot C - D}{A - B} = 0$  eşitliğini sağladığına göre, x sayısının alabileceği değerlerin kümesi aşağıdakilerden hangisidir?	0.941	1.000	
48	page	483c596f-db62-5b27-915d-3fc90bab44e7	2023-2024-ACİL-TYT-AYT Geometri Soru Bankası	417	10	C:\Users\husey\kiro2\veriseti\zkitap\screenshots\2023-2024-ACİL-TYT-AYT Geometri Soru Bankası\sayfa_0417.png	536	l 2'deki konuma getirildiğinde silindirin içinde bulunan su hangi oranda azalır?	Taban yarıçapı r, yüksekliği h olan bir dik silindirin hacmi, `V_silindir = πr²h` formülü ile bulunur. Taban yarıçapı r, yüksekliği h olan bir dik koninin hacmi, `V_koni = \frac{πr²h}{3}` formülü ile bulunur.  Şekil 1'deki yarısı su dolu cisim, bir tabanları çakışık dik silindir ve dik koniden oluşmaktadır. Silindir ve koninin yüksekliği h birimdir. Şekil 2'de silindir ve koninin tabanları zemine paraleldir.  Buna göre, bu cisim Şekil 2'deki konuma getirildiğinde silindirin içinde bulunan su hangi oranda azalır?	0.702	0.907	
49	page	5dda18a2-bd85-51ce-b128-d230ff9815cd	345 2025 Tyt Ayt Geometri Soru Bankası 1	123	7	C:\Users\husey\kiro2\veriseti\zkitap\screenshots\345 2025 Tyt Ayt Geometri Soru Bankası 1\sayfa_0123.png	114	 $[AB] \perp [AC]$ $|AB| = 3$ cm $|BC| = 5$ cm olduğuna göre, $|EF|$ kaç cm'dir?	ABC dik üçgen EDCF eşkenar dörtgen [AB] ⊥ [AC] |AB| = 3 cm |BC| = 5 cm olduğuna göre, |EF| kaç cm'dir?	0.429	1.000	
50	page	d3e36ae3-f2ff-5183-9225-56441aaef374	Bilgi Sarmal 2024 Ayt Kimya Sopru Bankasi	225	5	C:\Users\husey\kiro2\veriseti\zkitap\screenshots\Bilgi Sarmal 2024 Ayt Kimya Sopru Bankasi\sayfa_0225.png	322	}$'tur. II. $E_{pil} > 0,59 \text{ V}$'tur. III. $E_{pil} < 0,59 \text{ V}$'tur.	Voltmotre Tuz köprüsü Cu(k) Ni(k) 1 M 100 mL CuCl₂ 0,1 M 100 mL NiCl₂ Cu(k) → Cu²⁺(suda) + 2e⁻   E° = -0,34 V Ni(k) → Ni²⁺(suda) + 2e⁻   E° = 0,25 V Bilgilerine göre, I. E_pil = 0,59 V'tur. II. E_pil > 0,59 V'tur. III. E_pil < 0,59 V'tur. yargılarından hangileri doğrudur?	0.245	0.370	
