id,subject,stored_key,qwen3_gemma3_answer,question
75068323-fa7c-591e-94a0-4dd4051cb451,EDEBIYAT,E,A,----  romantizm akımının etkili olduğu bir dönemde yaşamasına rağmen gerçekçiliğin öncüler
db8640c3-34f0-5d8e-89ed-9d325c2a5af3,TARIH,C,B,Lala Mustafa Paşa komutasında Gürcistan üzerine sefere giden Osmanlı ordusu  1578'de Çıldı
26f4c10a-30a0-5f14-b767-e47eb287531f,EDEBIYAT,A,D,Nuri Pakdil ve Mehmet Akil İnan'ın çıkardığı Edebiyat  daha sonra Mehmet Akil İnan'ın çıka
57ff5ad5-cd10-5f62-852d-ed1c540b7f4f,BIYOLOJI,B,A,Sağlıklı bir insanın üreme döngüsünde korpus luteum bozulmasından sonra ilk ortaya çıkacak
aa46a35e-d6a7-5d53-bf7b-eadea6ecb4b2,BIYOLOJI,A,B,Canlılarda görülen aşağıdaki olaylardan hangisi varyasyona neden olmaz?
6297d408-7f5d-5ace-b0b2-14d54b06da3c,TARIH,A,E,Osmanlı tarihinde aşağıdakilerden hangisi hiçbir zaman görülmemiştir?
c33775f0-bd60-5d25-ac9d-57425158a0d0,COGRAFYA,A,C,Aşağıdakilerden hangisi üçüncül ekonomik faaliyet koluna ait özelliklerden biri değildir?
5e6a6376-ffe3-59f7-a666-e1755600cc61,BIYOLOJI,A,D,İnsanlar ağızda aşağıdaki besinlerden hangisinin kimyasal sindirimini gerçekleştirebilir?
da39d54d-f8a7-5da3-80d4-baa59c82c292,BIYOLOJI,B,D,I. Glikojen sentezi II. Hücre dışı sindirim III. Fotosentez IV. Konjugasyon  Bakteriler âl
2515c510-dfbd-5eca-a26a-26fd7699a354,TARIH,A,D,I. Saltanatın kaldırılması II. Cumhuriyet'in ilan edilmesi III. Ankara'nın başkent olması 
af7ba70a-f062-50b3-9e92-67acd4bf16fa,TARIH,E,C,Osmanlı Devleti  toprakları içerisinde yaşayan gayrimüslimleri İslam hukukuna göre yönetmi
48cb483a-4f8e-53dc-bcab-b6c870ca2ee8,TARIH,A,B,1831 - 1882 yılları arasında Osmanlı Devleti'nde Anadolu'daki Müslüman nüfusu ikiye katlan
d310af4b-bcfb-5511-9181-f854e109ce54,EDEBIYAT,E,D,Bekçiyim  bu serin Bu siyah gecelerin Gurbetten daha dorin Bir yara içimde!  Korku bilmez 
9ade6b2b-05d7-593b-bfc2-4ff5086b020d,TARIH,A,C,SSCB'nin dağılmasından sonra Kazakistan'ın başkenti Almatı'da (Almaata) toplanan zirve ile
17baa8ed-6eb4-5004-bd84-7c85262de564,BIYOLOJI,D,A,Normal bir mitoz bölünme sonucunda oluşan iki hücrenin; I. DNA molekülüne ait nükleotit di
ff14459e-399b-5786-ad5b-1f82ce0aa43c,SOSYAL,A,E,Sömürgecilik  yüzeyindeki zenginlikleri  hazır kaynakların ve insan-emek gücünün Batıya ak
75829270-c48b-54bf-b2e3-ed6aea5a5d06,BIYOLOJI,A,B,Aşağıdaki hücresel yapılardan hangisinde nükleik asit bulunur?
2ab9016f-6f24-53bb-a049-8e5b0919e096,GENEL,A,D,$\left(x^4 - \frac{1}{x^2}\right)^9$ ifadesinin açılımında sabit terim kaçtır?
e02cc98b-e0ba-55cf-baa6-12772a5ca451,BIYOLOJI,A,C,Biri suda  biri karada  biri havada hayatını sürdüren üç canlı türünün akraba olduğunu tes
21d2a7fb-104f-5ece-a516-a941f00e3561,EDEBIYAT,C,A,"Araba Sevdası" adlı romanı yeniden okudum geçenlerde.  Bu kez Bihruz Bey'i daha az kızdım
0de69dc1-efd9-5fee-a18c-1898e869ad77,EDEBIYAT,D,E,Haraket dergisinde yayımlanan ilk öyküsü O'dur.  Öykülerinde köy ve kasaba insanların günl
e4543d41-0332-5ae7-8147-f540f6e0d313,TARIH,A,D,Karasal su ekosistemleri içinde göller önemli bir yere sahiptir. Göller  sahip oldukları ö
b470b62b-e35a-5397-9115-34c6820dcc8d,TARIH,A,E,İlk dönem Osmanlı padişahları  Anadolu Beylikleri  Bizans İmparatorluğu  Sırp ve Bulgar Kr
e692f95d-269d-58a4-bea8-e226dfa2553b,EDEBIYAT,A,E,Batı'nın örnek alınmasından yanadır fakat bu durumun taklit boyutuna varmasını istemez. Ba
e44214fe-2e7d-51ec-b725-2b4165c5c540,EDEBIYAT,E,B,Bu oyunun başkomigini dilimli sarık kavuğu ve kırmızı şal katlanır --- denir kiçidir. Oyun
2138230b-cea8-5f6c-b324-f49b06f6cbf8,TARIH,A,C,Osmanlı Devleti'nin Avrupa'da ilerlemesinin  I. etnik yapısının çeşitlenmesi  II. vergi ge
4a0df0df-fe1c-587f-a0c3-b671c06bf1fd,EDEBIYAT,E,C,HÜRRİYET KASİDESİ Görüp ahkâm-ı asrı mühafız sıdk u selâmetten Çekildik izzet ü iktibâl il
7c413e63-0e6e-508a-9765-bf2a7fac6cea,EDEBIYAT,C,B,Emîn Kâmil başını sallayıp gözlerini sinirli sinirli kırpıştırdı: “Neden kıyızsın ve şikây
69954be3-18c8-5943-b098-9f1f464ebfcb,EDEBIYAT,D,E,Aşağıdakilerden hangisi fantastik (büyülü) gerçekçilik akımının bir özelliği değildir?
795add17-9ac0-5df3-bf3f-1644417603df,TARIH,E,C,Saltanat yönetiminin millî egemenlik düşüncesine aykırı olması  Millî Mücadele Dönemi'nde 
10fbc68e-d696-5630-9757-a7e954d10596,EDEBIYAT,E,D,I. metin Çekiyor tebeşirle yeşkin hattını alef; Alevler içinde ev  üstü katında ziyafet! D
db508d2d-50cc-5c14-b36b-a9e39ff73a3b,TARIH,D,C,İstanbul'un fethi  Fatih'in bazı güçlü aileleri boz raf etme imkânı sağlamış ve Veziriazam
8432bc5a-a99e-5955-87c1-2a9213e03f09,TARIH,A,D,Küçük Kaynarca Antlaşması ile Rusya'ya; "Ticaret amacıyla boğazlardan geçiş hakkı ve Karad
0e911882-8e91-520d-ad6d-98a120f74ffa,TARIH,A,D,Orhan Bey Dönemi'nde beylikten devlete geçme yolunda önemli adımlar atılmıştır. Osmanlı De
e75ff599-c215-5c75-96ad-28ba509c2bbc,BIYOLOJI,D,C,Aşağıda bazı canlılık olayları verilmiştir. I. Hidroliz II. Dehidrasyon III. Solunum IV. F
f23d67b1-af53-55b0-a160-52e1f018b59a,GENEL,D,A,$\frac{a-c}{b} = \frac{b-c}{a}$ $3a - 3b + 5c = 56$ olduğuna göre  $a + b$ toplamı kaçtır?
a6e448f7-cc21-5ff2-b5ce-71239ff51965,TARIH,E,B,1955 tarihinde toplanan Bandung Konferansı'nda; • Sömürgecilik  her türlü görünümüyle hızl
76b4be14-7b26-5312-8c34-6ad254d7e4b5,EDEBIYAT,E,C,----  şeytanca zekâsı ve güzelliği ile tuzağına düşürdüğü tecrübesiz  zengin çocuklarını s
297f6f0b-cdfd-5a21-be41-51291fa9c885,TARIH,E,A,Türkiye'de zeytinciliğin önde gelen birinci sorunu  ağaç başına verim düşüklüğüdür. İspany
fb94e59a-4018-56b5-81e1-f00198c0150f,BIYOLOJI,E,C,Pankreas ile ilgili olarak aşağıdaki ifadelerden hangisi yanlıştır?
5779c97c-39a9-5271-ad65-a01f9e6a036e,GENEL,D,E,Dillere pelesenk olmuş mısralarına rağmen şiiri yeterince tanınmayan Özdemir Asaf'ın yazar
d993ef7d-a88b-5b7b-b9ce-ba0614600004,EDEBIYAT,B,E,1950'ye kadar Türk şiirindeki değişime ana hatlarıyla bakarsak şunu göreceğiz: Konu alanı 
cca0ed86-d52e-5cde-867c-b2e03c4cd530,COGRAFYA,C,D,Dünya üzerinde farklı iklimlerin görülmesi sonucu farklı orman formasyonları oluşmuştur. B
7af42a41-8dd3-567b-803b-11cc6b83762f,EDEBIYAT,A,D,Ozumnda çapa  ardında keçisi  Kör karanlığında sakalın  Düşerdik kir yollarına; Dönerdi ak
a67b5f4a-c5fc-5c2b-8f08-4ed8e891632e,GENEL,A,B,Bir oyuncak dükkanında fiyatı 120 TL olan otomobilin fiyatına %25 indirim  fiyatı 60 TL ol
db2a3d38-0420-5826-b2f9-32cb36e62683,BIYOLOJI,D,C,Bitkilerde topraktan alınan mineraller su ile birlikte bitkinin üst kısımlarına taşınır. S
698e76cb-ffee-5344-964b-c7832099a133,TARIH,E,C,Türkiye'den geçen uluslararası petrol ve doğal gaz boru hatlarının  ülkemize yararı var mı
c31ff17b-dded-5da8-a0dc-51374eaf1f06,EDEBIYAT,E,B,----  1073 yılında Kaşgarlı Mahmud tarafından oluşturulmuştur. Ebu'l Kasım Abdullah'a takd
ea285d60-af60-5d2c-b4d8-6e0f13f62ae9,BIYOLOJI,E,C,Salgı hücreleri  I. bitkiyi çürümekten koruma  II. tozlaşmaya yardımcı olma  III. bitkiyi 
af515eb6-8ad1-5b35-8f2c-cd0fa9e6fdac,EDEBIYAT,A,E,Tanzimat Dönemi'nde Türk edebiyatına Batı'dan gelen türlerden biri olan tiyatro  çok iyi g
6e5ff4ca-347b-5f8b-91c1-d915cd1acf93,EDEBIYAT,A,B,Mesnevi divan edebiyatının en uzun nazım biçimidir. Bundan dolayı birden çok mesneviyi sah
ec6821f8-1774-5b97-b316-355558ad6259,EDEBIYAT,A,D,Aşağıdaki sanatçı - yapıt - tür eşleştirmelerinin hangisinde yanlışlık yapılmıştır?
e158acfa-7429-53c6-841c-374c3d522b7a,EDEBIYAT,D,E,(I) Hikâyede  geleneksel değerlere karşı bir başkaldırı söz konusudur. (II) Toplumdan kaçm
a928a819-aecc-54cd-8fe5-bd0df027cd28,EDEBIYAT,A,D,(I) Yıllar yırtardan  yıllar yıllardan vefasız. (II) Kara baht bir kasırga gibi. (III) Bu 
954dde4c-195b-5b8e-ae4e-252eda339c10,BIYOLOJI,A,E,Monokotil bir bitkide I. yaprak mezofil tabakası  II. kök korteksi  III. gövde iletim para
c870cade-b37d-5439-a8aa-6c4cb8d21f46,EDEBIYAT,E,A,(I) Muallim Naci divan şiirinin biçim özelliklerine uygun şiirler yazmıştır. (II) Recaizad
9de31374-81d8-5b07-a969-25f03447b488,BIYOLOJI,E,C,İnsanda eşeye bağlı çekinik bir özelliğin ortaya çıkması için ilgili genin; I. Erkekte: Y 
06564aae-98a0-50f9-b473-63143281948a,TARIH,B,D,Kudüs  İslam orduları tarafından ilk kez Hz. Ömer zamanında 637 tarihinde fethedilmişti. H
35606f76-44df-560f-8175-1fe987712ac7,BIYOLOJI,A,D,Bir insanın oksijenli solunum yapan hücresinde aşağıdaki olaylardan hangisi sadece mitokon
bb79cf71-918d-5d0e-86f1-dd19cec75467,TARIH,D,B,Osmanlı Devleti'nde yöneticiler sanayi tesisleri kurma işini yine ya yapamayacaklarını san
b3ddc4a7-6966-577a-bd7f-f43991e2788f,BIYOLOJI,A,C,Bir nefronun yapısı üzerinde bazı bölümler X  Y ve Z ile simgelenmiştir.  Buna göre aşağıd
a902ae32-b2ff-5891-a32c-cf643431b7b0,TARIH,E,C,Türkiye Cumhuriyeti'nin ilk dönemlerine ait bir gazetede "Devletçilik İlkesinin Kazanımlar
a4d59f12-a54e-590e-b912-88ba2d43a448,BIYOLOJI,E,A,Çok yıllık bir bitkiye ait I. stoma  II. kambiyum  III. iletim parankiması  IV. lentisel y
0025f1fe-6b6c-5876-b684-81d0254f4fa9,BIYOLOJI,C,E,Uzun kemiklerde görülen; I. boyuna büyüme  II. enine büyüme  III. kemiğin onarılması olayl
8a5b49d0-1175-5a83-9d44-d621fe587fd3,EDEBIYAT,E,B,İhtiyar tutacak  sevincinden bayılmıştı. Kendine gelince oğlu ona:  - Ben karaya çenk içen
44bd6483-1083-5a6c-a7da-d969273c79d6,BIYOLOJI,D,B,Sporlar olumsuz şartlara dayanıklı  sağlam bir örtü ile kaplı özelleşmiş hücrelerdir. Spor
e85a5c1f-252c-5490-9a5b-0c19a6beacc9,TARIH,A,C,Sanayi Devrimi ile seri üretime geçilmesi ve malların düşük fiyatla üretilerek Osmanlı paz
1d420afb-7442-52bb-a188-1eb60fa1af33,TARIH,A,D,Orta Asya'da yapılan arkeolojik kazılar sonucunda milattan önceki dönemlere ait kültür mer
43bcedda-c22c-59ab-826b-3c80cf0b5a50,TARIH,A,D,1856 tarihli Paris Antlaşması'nın bazı maddeleri şunlardır:  - Antlaşmaya taraf olan devle
6b560bdf-5b03-57d8-a369-6e931f530f9a,BIYOLOJI,A,D,Fotosentez ve kemosentez olayı için aşağıdaki özelliklerden hangisi ortaktır?
e7c626a2-f5cd-526d-81e1-ad322e1f11b5,TARIH,B,E,Aşağıdakilerden hangisi TBMM'ye karşı yapılan ayaklanmaların sonuçlarından biridir?
e535bd2d-689a-5ba4-83d7-17cadfa6e074,TARIH,A,C,Osmanlı Devleti  XIX. yüzyılın başından itibaren Avrupa ülkeleri gibi sanayileşememiş anca
3edfc3bd-7ad7-5001-8d19-01dcec707ad8,GENEL,E,C,Yüzey alanı 96 birimkare olan küpün cisim köşegeninin uzunluğu kaç birimdir?
6465e9d9-76db-56dc-a852-f01c204304dd,TARIH,A,C,I. Dünya Savaşı'nı kazanan devletlerin  savaş sonrası durumu değerlendirmek amacıyla topla
0eac2123-d6db-5ad5-b6e5-5c4c2c3a3c54,TARIH,A,D,1709'da Ruslar'a yenilen İsveç Kralı XII. Şarl  1768'de Ruslar'a yenilen Lehiler  1848'de 
c6794fc6-0c7e-52a7-a4c3-d802b0a824a6,GENEL,E,A,Oksijenli solunum yapan ökaryot bir hücre ile ilgili  I. NADH+H+ ve FADH2  NAD+ ve FAD+ fo
76aa0c50-c4cc-5482-aabd-75e3902aef55,EDEBIYAT,A,B,Öykü ve romanlarında günlük yaşamın değişik yönlerini işledi. Kahramanlarını çoğunlukla sö
aa73e164-a54f-5f77-ad49-de443b6a4d6e,BIYOLOJI,E,A,Bir hücrenin canlılığını devam ettirebilmesi için I. sentrozom  II. sitoplazma  III. çekir
4c9b6986-7773-5b8b-a885-dc20461e4c84,TARIH,D,C,Türk kadını: • 1926'daki Medeni Kanun'a sosyal ve hukuki  • 1930'da Belediye seçimlerine k