FIZIK-1	97abc371-9c23-561c-b08b-1c53a74728ec	E
FIZIK-2	b0805b38-8c27-5a5d-8f56-95a2882cb1a8	A
FIZIK-3	bd7b52e3-a02d-5fcf-bbfc-3f1cdc72d472	C
FIZIK-4	31a16a8c-cf4f-5dd4-a647-560c9b6c6342	C
FIZIK-5	06244cae-2d97-58a7-9c11-28e9f203a809	B
FIZIK-6	b426daa9-365e-5b30-8081-925243863d86	D
FIZIK-7	59a6ec46-5741-5fb6-a990-ead2f7b422f3	C
FIZIK-8	19fc679c-49f6-5d94-b4ee-54555fc5f1ae	C
FIZIK-9	515b4b89-745a-51c4-a568-3e6aa42759a7	B
FIZIK-10	cdcddc35-b16a-5f28-874c-02c98e7277d1	B
FIZIK-11	ceac7111-ba19-56d2-bf23-c703bf83846a	D
FIZIK-12	1b33b84c-04ed-5657-9c6b-8604dcd94062	C
FIZIK-13	44151e96-7b43-5d1b-b32b-e0ea7c6a8b4e	A
FIZIK-14	ffdda26f-6b0e-55b7-a1c5-dbfbe61824af	C
FIZIK-15	a284a994-1bf8-517e-977e-c58445a1415c	E
FIZIK-16	e1aecbbc-63a0-5a4b-9a9f-c9567acd2e06	B
FIZIK-17	3e7aff59-294d-5235-945e-5d7e4dde2ba8	C
FIZIK-18	240c7bcf-e044-5bae-80c1-e6544f551d6b	B
FIZIK-19	4f1229ad-eaa3-5260-b599-16e448e6f194	D
FIZIK-20	6a2c5cba-f6f4-5dec-b9fc-55e156ae7e18	E
FIZIK-21	9bee8882-f821-5bea-a498-8591b71a45db	A
FIZIK-22	a67accf2-67b3-511f-b390-c1595a956912	B
FIZIK-23	5999066a-c648-503e-b35d-c1d63089c345	E
FIZIK-24	302e0013-cf1a-5068-b211-075003b717ef	E
FIZIK-25	b3746c3b-a2e3-5f61-87d1-11b6945a91de	C
FIZIK-26	c4a45c8e-3b02-5e33-b3a1-3b48cc143059	B
FIZIK-27	a9a14ad9-ff89-575d-922f-fd746653fa67	E
FIZIK-28	67e47117-5944-5959-944d-7b90cec8ead0	E
FIZIK-29	3d3ca2b5-b1c5-5a36-831c-3aaa766b7429	C
FIZIK-30	4f82a163-1942-55fd-b9ea-1d9fb5f011d1	C
FIZIK-31	7c3c1645-87d6-5599-968c-63d74db97915	E
FIZIK-32	066459df-de78-5098-a632-69ce4475bdbc	E
FIZIK-33	01ccd991-1ebc-5f1e-8029-ee8e229e021d	C
GEOMETRI-1	c3a64d99-310f-523e-a9fd-5b54c6eb0667	E
GEOMETRI-2	a6220094-0e1b-58bf-a490-f62542ef4b31	D
GEOMETRI-3	4193ec17-043c-5274-9cad-43ebb235850e	E
GEOMETRI-4	a642f45f-129c-583e-998f-971db7b5e45d	A
GEOMETRI-5	77e97be2-b2f3-5fef-815d-5c7b0dd232b1	C
GEOMETRI-6	aa5e2fe5-530d-5831-85b3-f724ce364f93	D
GEOMETRI-7	b22814fa-3971-5b44-99ce-4c3e0ba27967	B
GEOMETRI-8	7842ee24-221a-5de0-b8e9-2c1646c6f9aa	C
GEOMETRI-9	7a946a2e-a68a-5f38-b992-c3988d1405c8	B
GEOMETRI-10	8e5ebdeb-da44-5129-a752-6c55df11d360	D
GEOMETRI-11	aa430d0b-cc17-5a48-99de-776623502cf0	E
GEOMETRI-12	95ad3144-a84f-54d4-8142-0bbdc704a42f	A
GEOMETRI-13	f2a3cd14-a6a4-5c7a-ad5b-6af6349d1cb9	A
GEOMETRI-14	75b1720b-4a6e-5c72-b211-b45fc4533cfc	B
GEOMETRI-15	179a9818-89fb-500b-bc9f-b727ce954f3b	B
GEOMETRI-16	1bce23af-6f40-50a8-926e-f63c495ea3bc	D
GEOMETRI-17	fe18bf82-6391-5643-a49d-15964094a373	B
GEOMETRI-18	abb42434-547e-5e8b-94ae-46b22639e21c	D
GEOMETRI-19	cee98ef4-efe0-513a-bd32-44d43e9fa96a	E
GEOMETRI-20	6ed1e50d-82c6-573f-8470-d2f21afc2ba7	A
GEOMETRI-21	8ef1c3aa-a38e-5cd2-84ad-2edc4ca7c86d	A
GEOMETRI-22	910aaedc-e715-5438-9276-14a578d6fbf5	C
GEOMETRI-23	92e89ffa-8464-5419-b8cb-ade392bb4714	E
GEOMETRI-24	ccdfec25-dca7-5da3-8ba3-d5956df9504b	C
GEOMETRI-25	e8190c11-8042-5b33-8d64-762fa474346d	E
GEOMETRI-26	0f35796a-a24d-5ef6-a164-7c17c4ef7059	E
GEOMETRI-27	80a2ebdc-c35a-5016-aee3-473ebc6b5185	B
GEOMETRI-28	5146517a-9acd-552d-b275-b49f21553a7c	E
GEOMETRI-29	76c2c9e4-30e7-5e43-8843-47d1ed936eef	A
KIMYA-1	2e3b4b45-6141-5e51-a526-a09bba2f0021	C
KIMYA-2	34a7f707-3efe-55db-a326-c3943d4c2c80	E
KIMYA-3	e6c6b563-518d-50f0-8c75-17db6fdb9aee	E
KIMYA-4	2811c487-ac1c-5d72-999d-a7a45201236e	A
KIMYA-5	3f111e66-4959-5711-99f4-941113df6255	C
KIMYA-6	e57cb73e-6761-5a65-aea0-b9745f81f2eb	C
KIMYA-7	b7551aad-6c07-5db0-88b2-ce9b363c840b	D
KIMYA-8	787b94bc-1837-5047-8b4a-70fc8aab2b2c	A
KIMYA-9	eae94e15-a79d-5d94-b6fe-3f4bad925342	C
KIMYA-10	4caf63d4-14a8-5443-b94b-23c488bc5cbc	C
KIMYA-11	8df8dd7c-a54d-5333-9874-782f46d5f9f0	A
KIMYA-12	11abebd8-aa0e-58c3-be03-ddddd8f362ce	D
KIMYA-13	815c8cd4-56c6-50ca-a2f2-d88e4f08253d	B
KIMYA-14	f4978caf-a13f-5753-896f-99ad29016045	C
KIMYA-15	8c96757a-1c56-57fa-9ca9-d3c85d2e09e5	E
KIMYA-16	1230cce2-eaf4-566c-a5a5-cf0a1c1146de	E
KIMYA-17	c3ed7e86-f3e3-55ca-b8e6-77578644673b	A
KIMYA-18	7968f5db-c110-5e69-bace-7ae97ee16009	E
KIMYA-19	1a477445-8b6e-5664-873d-3a943dde41fa	B
KIMYA-20	dabbed20-a7ce-5440-a5bb-64a67a57580f	C
KIMYA-21	977fdf9e-c10a-5bb0-b705-18dbb38e3eea	E
KIMYA-22	e6ffd5b5-2ea2-55e5-95c9-007369041a02	E
KIMYA-23	1262fb99-900c-57f9-a554-ffe3573433eb	E
KIMYA-24	21ab0dd4-75b2-58bd-831d-1c33b03dd690	E
KIMYA-25	dac3795e-9a79-583a-a7c7-8128ecd74f74	C
KIMYA-26	554571fa-8466-58c7-ac41-f64e153d9646	A
KIMYA-27	5a9653bd-75c9-5b66-9f92-b3cdf3312783	C
KIMYA-28	0545bea9-0318-53c4-9e1f-1e9432b1de1b	D
KIMYA-29	07647eb1-3219-53d1-abdb-dae6883c8bae	C
KIMYA-30	ceab9118-e768-5bdc-bfeb-d2673f2535b8	E
KIMYA-31	fe6b0797-d936-5f67-9505-1044a68bc5a5	B
KIMYA-32	4221d108-3187-54b3-ad20-b6298eab960f	C
KIMYA-33	270bc3d1-dae9-56d4-82ec-906661a34a6a	E
KIMYA-34	54cf25f5-1990-5ac9-bde4-f45961cf3ab0	A
KIMYA-35	bff4db9c-102a-5a67-be8e-a33a5615950f	E
KIMYA-36	eb7ba92d-bc87-50f7-9453-2987b70636cf	C
KIMYA-37	9bb2bc36-6bd2-5272-a6f5-c0ca5ff1202e	C
KIMYA-38	26a81fc6-8416-507a-876d-d158582eac59	A
KIMYA-39	96da0da1-1335-5cd7-b383-66f745d390cc	A
KIMYA-40	fbb478bf-8d35-5712-b8bc-ceb7c4310815	E
KIMYA-41	c345da0c-3791-57fc-814e-b43080854471	B
KIMYA-42	f4cba84f-a618-5241-9296-63eb9b093e0a	B
MATEMATIK-1	2f33bdd3-dcad-51ad-b0d0-e36d7a3887f2	B
MATEMATIK-2	cf9ee59f-4190-5354-b046-ffb0b8ebcc51	C
MATEMATIK-3	95cc15b8-33ce-5e27-877e-063da6c98785	B
MATEMATIK-4	cd5bed64-48ed-53d6-9fb6-be01d33b9771	E
MATEMATIK-5	067150cf-936b-5f33-b3e6-6cf24b8ccaed	D
MATEMATIK-6	e4a6cd23-3d6b-51e7-b558-ecb037609990	D
MATEMATIK-7	fa882ea4-5e35-587c-b2d8-d57859828753	D
MATEMATIK-8	5a404881-f4c1-5505-9b9b-6998f3415839	B
MATEMATIK-9	d2218595-c654-591d-aedd-82455caef20b	E
MATEMATIK-10	9b0218b2-42d9-5a35-b61b-c3dc49b6ac35	E
MATEMATIK-11	61ba8317-aeed-5681-aeab-593887ac1f04	E
MATEMATIK-12	4fe59e88-db25-51b9-926f-f856dd03ccb9	C
MATEMATIK-13	3c66523b-1777-5d0a-a50d-5afb69222fe5	A
MATEMATIK-14	b9c131c0-c093-5f80-aede-943856aef36a	A
MATEMATIK-15	24de11e2-f376-5aeb-919c-831f045696ac	C
MATEMATIK-16	92ab57ee-90bd-57e6-b1dd-846163c56f0e	E
MATEMATIK-17	5f0360d3-66ba-5e20-8168-9f29299eda72	C
MATEMATIK-18	2b4c66df-728b-59ec-8ea1-699a158434b6	E
MATEMATIK-19	c0e38731-c2fd-5427-a1b9-ac213d570ada	C
MATEMATIK-20	3ec5f279-f64f-5c27-af4a-49607059c079	B
MATEMATIK-21	6ee0d972-57f0-54dd-85f4-03edb3b8a0a5	C
MATEMATIK-22	996766db-a76f-515c-aa97-181cf3163949	A
MATEMATIK-23	3bd28463-e79a-5317-8139-dc762e19613f	E
MATEMATIK-24	a6239ed0-c83e-5942-816e-9ebbf621815f	D
MATEMATIK-25	189e2eb4-f545-5034-96df-f58491aeccc2	E
MATEMATIK-26	91974d60-acbf-547e-9b3e-8f62fc8b291e	E
MATEMATIK-27	af71da93-d511-57c8-96d5-52992a9a3f2f	A
MATEMATIK-28	a585e2e9-c24d-5e88-b930-dab3fde39704	C
MATEMATIK-29	936c8bed-a426-52d1-8b4d-23c6485e0d15	C
MATEMATIK-30	b43bcbb7-43bc-5854-9099-fdcbdccad121	D
MATEMATIK-31	53ac13af-bc91-5a89-9709-ed802128ee7f	A
MATEMATIK-32	5adad5de-f115-53fa-8aae-0e38c07cbd7e	D
MATEMATIK-33	e3d26a00-cafe-599e-baf8-9c02e98d4f6a	B
MATEMATIK-34	68dc2943-eda5-525a-9db5-b94b1c2c2df4	A
MATEMATIK-35	25319e0a-e708-5602-930d-8411075defd8	C
MATEMATIK-36	e5a1c546-b884-52f3-b13d-dec5564e213a	D
MATEMATIK-37	5f86ced7-d6ca-5dc5-ac07-80792bb3a620	C
MATEMATIK-38	b4568eb4-a0ff-591e-8d49-2fadf41713bb	A
MATEMATIK-39	4db90f5e-3736-5c2d-9df4-1a708e82904f	B
MATEMATIK-40	1b1f1b57-2c5a-5255-9773-9d63f0ab38b4	C
MATEMATIK-41	6749f992-8364-5305-a8b3-54c088616cc3	D
MATEMATIK-42	938f81f5-fa06-5472-a53f-631d8200818c	B
MATEMATIK-43	c34bcdd8-32c8-5541-b311-f34e84e33c9f	E
MATEMATIK-44	63e219aa-8a93-50c6-80d3-2ea9a47649cd	B
MATEMATIK-45	3d09ddca-1656-53c6-8cf7-5077eb3b9936	C
MATEMATIK-46	db2f98c4-b43e-5804-b3cf-ea8b4c3b163b	C
MATEMATIK-47	2ecdebac-e673-51af-a467-b3a47a1b5f7e	A
MATEMATIK-48	c029bc73-c91b-5d5d-af17-d17003db5613	B
MATEMATIK-49	fff39d54-47c4-553d-abe6-99d73256883f	B
MATEMATIK-50	d64ed6d4-efbe-5e2b-8812-e6896e33fb74	D
MATEMATIK-51	11202da0-192c-5f1b-8798-bc8edf36a003	A
MATEMATIK-52	57e70c03-bec5-5c7d-ac6c-f9711c450029	D
MATEMATIK-53	c9f5c979-cbc9-5911-907a-4761ec75916c	B
MATEMATIK-54	5bf7058f-8354-5a01-99f5-6d407030fafe	E
MATEMATIK-55	f45a0df4-8c38-50ee-b04c-43ef319980d4	C
MATEMATIK-56	111a0a82-ab91-56d2-8194-c076ff3ee029	A
MATEMATIK-57	d9bc7afb-313a-50c7-b175-c1574cb40bbe	B
MATEMATIK-58	773642a1-6003-5c80-aa6e-1a4d457bb3ae	E
MATEMATIK-59	0ad9425d-de99-5971-b8b3-9804e24e5fb9	B
MATEMATIK-60	2dabb0c5-fbfa-5025-b9ab-d1e693330175	E
MATEMATIK-61	cde83b74-3adf-5fa7-bdca-b1e52fb14961	A
MATEMATIK-62	8526d09d-91af-5122-aca4-bc0a79849910	A
MATEMATIK-63	a64d5ba2-3ba5-5adb-a356-3e8e5468296e	E
MATEMATIK-64	da22a94c-49de-53ed-9092-7b3f2982cbfd	A
MATEMATIK-65	0acba898-710b-5b90-87d5-fec6ed6b3c85	B
MATEMATIK-66	d409e7f0-c55a-59e1-8a2e-3f46a2c8eae2	C
MATEMATIK-67	a188e418-8654-5276-967e-1501f2c0b158	C
MATEMATIK-68	0661d7fc-f307-5faf-808d-6078494b78fb	D
MATEMATIK-69	7431606e-aed8-5a9b-b0e0-705e3815c5f2	C
MATEMATIK-70	31c06e0b-4a12-5c97-ad53-f904095253f5	D
MATEMATIK-71	b08e0a29-de02-5205-b374-2bece032d0e5	E
MATEMATIK-72	20881748-e5db-5a2e-9ce0-6ee7ad531d1b	B
MATEMATIK-73	bd4014a9-9180-503c-8ebc-9c55296c9390	D
MATEMATIK-74	8b302459-185b-56e8-b925-3d18ad799aa2	C
MATEMATIK-75	8b6af70c-0d10-5aa2-b0c5-d6e336e51fa0	C
MATEMATIK-76	2fe7dcf4-381c-5d7e-a8f9-c1c784138623	E
MATEMATIK-77	47a7c9f5-c2eb-561d-beaa-d764b39b77f1	E
MATEMATIK-78	aebc5a11-cbff-52e3-a245-8e20963b8ba5	C
MATEMATIK-79	95166e75-5b2c-59b5-a2a8-18345cb63b5d	B
MATEMATIK-80	8477a02a-9579-5da3-8387-93fde0dcf116	D
MATEMATIK-81	84faf404-8c10-5dda-a18d-97a5f54a1522	B
MATEMATIK-82	6e888d52-fa97-582a-be3a-5c3df0521d57	E
MATEMATIK-83	d625b3fb-101e-5019-8dae-cd224d89bd0e	B
MATEMATIK-84	abef006c-5e3a-5011-b032-e790b4661bce	E
MATEMATIK-85	516fe26e-5d33-50ad-9d02-c5a0f31c479f	E
MATEMATIK-86	eb809a57-d4cf-53cb-8657-039645c7026f	D
MATEMATIK-87	09c19bf9-0d42-5a7f-9762-b7926e344033	D
MATEMATIK-88	c83106ef-f64e-5730-b6f6-7c73d70d56fc	E
MATEMATIK-89	4d984602-ea4a-5408-aafc-68e699757df0	C
MATEMATIK-90	19ae12f4-85b3-53f8-acc8-6c0f5ca7278d	C
MATEMATIK-91	b4cf0788-ac48-5fbe-8952-b9bc087de5ee	D
MATEMATIK-92	24613f5a-bfb5-5129-b00e-381ba174d312	E
MATEMATIK-93	311c6765-b151-59e1-a400-88a0c4874508	D
MATEMATIK-94	4bbc0083-529d-5c9d-80bb-59d018504c81	A
MATEMATIK-95	9811dfb8-1930-5190-9f09-1a36edcd8f3b	B
MATEMATIK-96	8727aa69-1454-5328-be70-8a7e9fd6e904	E
MATEMATIK-97	c70acf88-6b66-5224-9aea-08e5ebeb2e42	C
MATEMATIK-98	2d666283-d6a6-5989-adef-da0d9bfba1a0	B
MATEMATIK-99	7480ad55-c1eb-5400-abf5-cf175e1aee51	E
MATEMATIK-100	38528561-9259-56f4-aa17-283d8a8aaf83	A
MATEMATIK-101	e7c8ab57-f7a7-5fe8-ae5d-8fda92b6af4d	C
MATEMATIK-102	da9e676b-20e3-5846-b963-d3a7418d2633	B
MATEMATIK-103	a7cd061d-dc67-5511-a183-7344b28ea0ff	E
MATEMATIK-104	3a37811f-3a41-5d9a-bafd-7ae122ce7b73	B
MATEMATIK-105	04d130c5-058c-5768-bdc8-bb4c9a33b3f9	B
MATEMATIK-106	be75b7c8-087d-53ae-8372-46d1529d5ecb	C
MATEMATIK-107	348ce3ee-600d-55ef-86bb-76f3151e4fd4	B
MATEMATIK-108	5db666d2-319d-5e6e-8783-727320105b1c	D
MATEMATIK-109	295b82aa-43fe-5bc9-9d59-c90ccf77106e	B
MATEMATIK-110	d107b977-1eb5-5ec5-8a4d-a74094cc96a5	D
MATEMATIK-111	2bfd4398-0aab-53cc-b464-5f43dfa57a28	B
MATEMATIK-112	fb642fa8-7407-5a1d-a5df-132c8c66c110	C
MATEMATIK-113	66c3d977-cc8e-5e52-8ad4-395fa05ed238	C
MATEMATIK-114	e7645e23-d9ff-5e2e-b03c-3fdf2ea16aa5	B
MATEMATIK-115	057ae053-b73e-50bc-a872-757e50960a19	A
MATEMATIK-116	61af769f-e00d-5dad-9fd7-797b0aa0f12a	D
MATEMATIK-117	fb59c9f9-ea76-537f-9982-5deb8249c99b	E
MATEMATIK-118	e4232755-be71-5f6a-a8b7-907cf915f632	B
MATEMATIK-119	f8412bdf-4e86-5e24-9e58-d8ff1693f43e	B
MATEMATIK-120	11a1d8ce-c55f-5ad4-a006-e1bb08ed2b3c	B
MATEMATIK-121	8b6b42ae-dc12-5bb5-b32d-a3e17780c00d	C
MATEMATIK-122	855cad5f-57d8-5b3f-9236-4c2496ec01bc	B
MATEMATIK-123	329973c2-d40b-5d13-95ec-974b31e8cbba	D
MATEMATIK-124	a5149c27-d1e4-56f6-95e3-78801c4885e2	C
MATEMATIK-125	1a8288c3-bb4b-50fa-879a-e92895800e60	D
MATEMATIK-126	14109df6-bcc4-5c04-b917-e6fa8cd99119	D
MATEMATIK-127	6f01a9e6-4acf-5b43-a475-62dbf4b8287a	A
MATEMATIK-128	7fdaf805-07ec-5dbf-baff-16548790b921	C
MATEMATIK-129	2d3b7949-0645-535c-b7f9-5fcee4b6a001	A
MATEMATIK-130	93b633a6-266d-5ce0-b88f-09a288e0991d	D
MATEMATIK-131	f760c3a2-e75a-540e-8053-a4bdbf1e5f12	E
MATEMATIK-132	99a4cb61-5439-51b4-939c-6132cbae99b1	D
MATEMATIK-133	0954e8dd-f6b5-5885-abb6-6a4850923334	D
MATEMATIK-134	b333edab-b2a2-5a72-b343-8cdc97eea139	E
MATEMATIK-135	5614ee13-6166-54ba-b0a5-7569df79b399	D
MATEMATIK-136	300680fe-a23a-5b3e-b5b0-a746a1c2a9a1	C
