"{""id"" : ""eb809a57-d4cf-53cb-8657-039645c7026f"", ""subject"" : ""MATEMATIK"", ""q"" : ""1. $\\frac{x-2}{x+1}+\\frac{x-2}{x+2}=2$ denkleminin köklerini bulunuz."", ""a"" : ""x = 2"", ""b"" : ""x = -2"", ""c"" : ""x = 0"", ""d"" : ""x = 1"", ""e"" : ""x = -1"", ""key"" : ""D""}"
"{""id"" : ""7db046be-981c-5977-b792-824d265eab5a"", ""subject"" : ""TARIH"", ""q"" : ""10. Aşağıdaki cümlelerden hangisi bir tarih cümlesi değildir?"", ""a"" : ""A) Çanakkale Savaşı"", ""b"" : ""B) 1915"", ""c"" : ""C) 1918"", ""d"" : ""D) 1919"", ""e"" : ""E) Devrimci"", ""key"" : ""E""}"
"{""id"" : ""99ac62f7-6a9b-5602-ad39-db33091df689"", ""subject"" : ""COGRAFYA"", ""q"" : ""Türkiye'de yer alan akarsuların özellikleri ile ilgili,\nI. Genellikle rejimleri düzensizdir.\nII. Denge profiline ulaşmışlardır.\nIII. Tamamı açık havza özelliği taşır.\nIV. Hidroelektrik potansiyelleri yüksektir.\nifadelerinden hangileri doğrudur?"", ""a"" : ""I ve II"", ""b"" : ""I ve IV"", ""c"" : ""II ve III"", ""d"" : ""II ve IV"", ""e"" : ""III ve IV"", ""key"" : ""B""}"
"{""id"" : ""87ef8f0f-7783-5a4a-9126-8c1f6cd3b629"", ""subject"" : ""GEOMETRI"", ""q"" : ""ABC üçgenünde A = 60°, B = 45° ise C kaç derecedir?"", ""a"" : ""60°"", ""b"" : ""45°"", ""c"" : ""75°"", ""d"" : ""30°"", ""e"" : ""90°"", ""key"" : ""C""}"
"{""id"" : ""410f7b15-9268-5b46-bb3c-08ac0ef451cd"", ""subject"" : ""FIZIK"", ""q"" : ""5. Bir landscape parçacığı sabit hızla doğu doğru 1000 km/s hızla hareket ediyor. Bu parçacığın 10 saniyede yaptığı yola ne denir?"", ""a"" : ""1000000 km"", ""b"" : ""100000 km"", ""c"" : ""10000 km"", ""d"" : ""1000 km"", ""e"" : ""100 km"", ""key"" : ""C""}"
"{""id"" : ""09dcc858-0c35-55c0-bae1-ba8bba9e7648"", ""subject"" : ""MATEMATIK"", ""q"" : ""Kanalı A ve B, 1 litrelik suyu eşit hızda boşaltan iki pompadan oluşuyor. Kanal A, 20 dakikada suyunu tamamen boşaltıyor. Kanal B, 30 dakikada suyunu tamamen boşaltıyor. Kanal A ve B birlikte suyunu kaç dakikada boşaltır?"", ""a"" : ""10 dakika"", ""b"" : ""12 dakika"", ""c"" : ""15 dakika"", ""d"" : ""18 dakika"", ""e"" : ""20 dakika"", ""key"" : ""B""}"
"{""id"" : ""3f6c7522-9c10-5683-ac37-dd558e6b0af8"", ""subject"" : ""BIYOLOJI"", ""q"" : ""Kanda oksijen taşınması ile ilgili iki olay aşağıda verilmiştir.\n• X olayı: Hb + O₂ → HbO₂\n• Y olayı: HbO₂ → Hb + O₂\nVerilen olaylara ilişkin aşağıdakilerden hangisi yanlıştır?"", ""a"" : ""X olayı alveol kılcal damarlarında gerçekleşir."", ""b"" : ""X olayında hemoglobin görev yapar."", ""c"" : ""X olayında oksihemoglobin oluşur."", ""d"" : ""Y olayında hemoglobin oksijeni bırakır."", ""e"" : ""Y olayı sırasında enzim kullanılır."", ""key"" : ""E""}"
"{""id"" : ""42d995d1-1f62-58f3-b23d-f136fe3ce1a8"", ""subject"" : ""COGRAFYA"", ""q"" : ""Aynı üniversitede okuyan Alper ve Bülent mezun olduktan sonra dil öğrenmek için farklı ülkelere gitmişlerdir. Aralarında telefonda aşağıdaki mesajlaşma geçmiştir. Merhaba Bülent. Nasılsın? İyiyim Alper. Ben de uyumak üzereydim. Saat 02.20 ve günlerden salı Saat farkını unutmuşum. Pardon. Burada saat 22.00 ve günlerden pazartesi Sorun değil Alper. Seni yarın arayayım ben. İyi geceler. İyi geceler. Bu mesajlaşmalara bakılarak Alper ve Bülent'in yaşadığı ülkeler arasında kaç derecelik boylam farkı olduğu söylenebilir?"", ""a"" : ""40"", ""b"" : ""65"", ""c"" : ""90"", ""d"" : ""100"", ""e"" : ""120"", ""key"" : ""B""}"
"{""id"" : ""f925b2c2-c404-5aa3-a8fa-3bac3da4d384"", ""subject"" : ""COGRAFYA"", ""q"" : ""1 Yer kabuğunun fay hatları boyunca çöktüğü alanlarda oluşan göllerdir. 2 Krater, kaldera ve maar gibi çukurlukların içinde oluşan göllerdir. 3 Kalkerli arazilerde erime sonucu gelişen çukurluklar içinde oluşan göllerdir. Şemada oluşumları verilen göl türleri, aşağıdakilerin hangisinde doğru eşleştirilmiştir?"", ""a"" : ""1) Kastik göl, 2) Volkanik göl, 3) Tektonik göl"", ""b"" : ""1) Tektonik göl, 2) Kastik göl, 3) Volkanik göl"", ""c"" : ""1) Tektonik göl, 2) Volkanik göl, 3) Kastik göl"", ""d"" : ""1) Volkanik göl, 2) Kastik göl, 3) Tektonik göl"", ""e"" : ""1) Kastik göl, 2) Tektonik göl, 3) Volkanik göl"", ""key"" : ""C""}"
"{""id"" : ""fa0fb880-2b0b-5e4d-8fd4-784ded5530be"", ""subject"" : ""MATEMATIK"", ""q"" : ""Aşağıdaki ifadelerden hangisi x^2 - 2x - 3 ifadesini çarpanlarına ayırabilir?"", ""a"" : ""(x - 1)(x + 3)"", ""b"" : ""(x + 1)(x - 3)"", ""c"" : ""(x - 1)(x - 3)"", ""d"" : ""(x + 1)(x + 3)"", ""e"" : ""x^2 - 2x - 3"", ""key"" : ""B""}"
"{""id"" : ""d0440ae7-5ee5-511b-ae33-a1dfb038529e"", ""subject"" : ""MATEMATIK"", ""q"" : ""Matematik dersinde Ayşe ve Ali sırasıyla $(6 + 1)^n$ ve $(3 + 8)^n$ açılımını yapmak istemektedir. Her ikisi de ilk terimin azalan kuvvetlerine göre açılım yaptığında Ayşe'nin bulduğu baştan 3. terim, Ali'nin bulduğu baştan 4. terim ile aynıdır. Buna göre, n kaçtır?"", ""a"" : ""11"", ""b"" : ""10"", ""c"" : ""9"", ""d"" : ""8"", ""e"" : ""7"", ""key"" : ""B""}"
"{""id"" : ""dc558a14-3fbb-5702-8d21-2fa049545628"", ""subject"" : ""MATEMATIK"", ""q"" : ""1. $x^2 + 2x + 1 = 0$ denkleminin köklerini bulun."", ""a"" : ""-1, -1"", ""b"" : ""1, 1"", ""c"" : ""-1, 1"", ""d"" : ""0, 0"", ""e"" : ""2, 2"", ""key"" : ""A""}"
"{""id"" : ""4c6cc876-d6aa-522a-bdb3-65d2627e983e"", ""subject"" : ""COGRAFYA"", ""q"" : ""Kimi bölge sınırları kesin hatlarla birbirinden ayrılırken kimi bölgeler arasında geçiş bölgeleri olduğu için sınırlar kesin olarak ayrılamaz.\nI. İklim bölgeleri\nII. Orman bölgeleri\nIII. AB siyasi bölgesi\nIV. Türkiye'nin idari bölgeleri\nBuna göre yukarıda verilen bölgelerden hangilerinin sınırları kesin hatlarla birbirinden ayrılamaz?"", ""a"" : ""I ve II"", ""b"" : ""II ve III"", ""c"" : ""III ve IV"", ""d"" : ""I ve III"", ""e"" : ""II ve IV"", ""key"" : ""A""}"
"{""id"" : ""d221d89f-352f-5eb0-9f7c-70018be0550f"", ""subject"" : ""TARIH"", ""q"" : ""\""Kırk asırlık Türk yurdu yabancı elinde kalamaz. Günü gelecek siz de kurtulacaksınız.' Mustafa Kemal Atatürk bu sözüyle aşağıda verilen bölgelerin hangisinin bir gün ana vatana bağlanacağını vurgulamıştır?"", ""a"" : ""Musul"", ""b"" : ""Hatay"", ""c"" : ""Batum"", ""d"" : ""Kerkük"", ""e"" : ""Batı Trakya"", ""key"" : ""B""}"
"{""id"" : ""018b4ab8-4afa-5201-af17-1a5c5ef648b1"", ""subject"" : ""MATEMATIK"", ""q"" : ""a ve b gerçel sayılar için aşağıdaki eşitlikler veriliyor:\na + b = 5\na - b = 1\na ve b nin değerleri kaçtır?"", ""a"" : ""a = 3, b = 2"", ""b"" : ""a = 2, b = 3"", ""c"" : ""a = 4, b = 1"", ""d"" : ""a = 1, b = 4"", ""e"" : ""a = 5, b = 0"", ""key"" : ""A""}"
"{""id"" : ""5ee7271a-b5ea-5a66-b130-148d817aff5a"", ""subject"" : ""MATEMATIK"", ""q"" : ""Bir geometrik serinin 1. ve 2. terimleri sırasıyla 2 ve 3'tür. Serinin 5. terimi kaçtır?"", ""a"" : ""8"", ""b"" : ""10"", ""c"" : ""12"", ""d"" : ""14"", ""e"" : ""16"", ""key"" : ""C""}"
"{""id"" : ""c850e31f-f653-5513-aa6e-6121dd6c46e2"", ""subject"" : ""MATEMATIK"", ""q"" : ""Aşağıdaki ifadeler hangisinde x'nin karesi ve x'nin karekökü bulunur?"", ""a"" : ""x^2 + x"", ""b"" : ""x^2 - x"", ""c"" : ""x^2 + \\sqrt{x}"", ""d"" : ""x^2 - \\sqrt{x}"", ""e"" : ""x^2 + x^2"", ""key"" : ""C""}"
"{""id"" : ""b54e8a2f-33bd-58be-8dfe-ab6f42a9034f"", ""subject"" : ""MATEMATIK"", ""q"" : ""6. a + b = 20 ve a - b = 4 ise a ve b değerleri kaçtır?"", ""a"" : ""4, 16"", ""b"" : ""4, 12"", ""c"" : ""8, 12"", ""d"" : ""8, 16"", ""e"" : ""12, 8"", ""key"" : ""E""}"
"{""id"" : ""110c493c-1122-59ab-9265-1fb410900cd0"", ""subject"" : ""TURKCE"", ""q"" : ""Tolstoy'un ölümden önceki son konuşması:\n\n- İnsanlar acıyla büyür.\n- Yaşam, bedence değil ruhtadır.\n- Ölüm yalnızca bedenden kurtuluştur.\n- Zihninizde neyin bedensel olmadığını ayıklayın.\n- Gelecek için endişe etmeyin, günlük gelecek diye bir şey yoktur. Sadece şimdi vardır. Onun için yaşayın.\n\nBuna göre Tolstoy'un vermek istediği mesajlar arasında aşağıdakilerden hangisi yoktur?"", ""a"" : ""Hayatın gelecekle dolu olduğu"", ""b"" : ""Kişinin fizikinden ziyade beyninin önemli olduğu"", ""c"" : ""Kişi için ölümün yokluk olmadığı"", ""d"" : ""Beyin ile ruhun çok iyi uyum sağlaması gerektiği"", ""e"" : ""Anı çok iyi değerlendirmek gerektiği"", ""key"" : ""A""}"
"{""id"" : ""6cbf44c8-e1ba-516b-a0c1-93ff710e32fa"", ""subject"" : ""TARIH"", ""q"" : ""Hititler tarihte ilk meşruti krallığı kurmuşlardır.\nHititlerle ilgili aşağıda verilenlerden hangisi bu bilgiyi destekler niteliktedir?"", ""a"" : ""Hitit kralları baş rahip, baş yargıç unvanlarına sahiptir."", ""b"" : ""Pankuş Meclisi zaman zaman kralların yetkilerini kısıtlamıştır."", ""c"" : ""Kraliçe yönetimde geniş yetkilere sahiptir."", ""d"" : ""Hitit kanunları, dönemine göre insancıldır, fidye içermektedir."", ""e"" : ""Hititler kadınlara çeşitli haklar vermişlerdir."", ""key"" : ""B""}"
"{""id"" : ""1aa08eca-6ef2-5571-b3ec-561555fdfb52"", ""subject"" : ""TURKCE"", ""q"" : ""(I) Eski Yunan'ın büyük filozofu Sokrat, hiç yazmadı.\n(II) Eğer yerleşiklik Platon da böyle yapsaydı; baldıran zehrinde değil, yazı yazmaklamak kendi öldürmüş olurdu.\n(III) Kendinden büyüklerin ne düşündüğünü öğrenmek için onların yazılarını okumak, öğretilerini-sin seyrini çoğaltmak.\n(IV) Okulda insanın ele olsa ona hocası olur.\n(V) Halbuki kitap okuyan için her özlü yazıcı bir değeri öğretmendir.\n\nBu parçada asıl anlatılmak istenen numaralanmış cümlelerin hangisinde verilmiştir?"", ""a"" : ""I"", ""b"" : ""II"", ""c"" : ""III"", ""d"" : ""IV"", ""e"" : ""V"", ""key"" : ""E""}"
"{""id"" : ""758d7bff-fa7f-5ec3-9d68-fec144fb88e0"", ""subject"" : ""MATEMATIK"", ""q"" : ""a + b = 0 olmak üzere x genel bir sayı olmak üzere aşağıdaki eşitliklerin hangisi pozitifdir?"", ""a"" : ""x^2 - ab"", ""b"" : ""x^2 + ab"", ""c"" : ""x^2 - a^2"", ""d"" : ""x^2 + a^2"", ""e"" : ""x^2 - a^2 - b^2"", ""key"" : ""C""}"
"{""id"" : ""3e053db3-a0d0-54fc-b846-2584f35819b2"", ""subject"" : ""MATEMATIK"", ""q"" : ""4. a) eşitlik (x-2)(x+3)=0 için, x değerlerini bulunuz.\n\nb) Bu eşitlikin çözüm kümesi nedir?"", ""a"" : ""x = 2 ve x = 3"", ""b"" : ""x = -2 ve x = 3"", ""c"" : ""x = 2 ve x = -3"", ""d"" : ""x = -2 ve x = -3"", ""e"" : ""x = 2 ve x = 0"", ""key"" : ""C""}"
"{""id"" : ""1113fc1f-80ae-5c57-89e0-590cf94af524"", ""subject"" : ""GEOMETRI"", ""q"" : ""ABC üçgenün çevresi 60 cm, A = 60° ve B = 45° olduğuna göre, C açısının ölçüsü kaç derecedir?"", ""a"" : ""30°"", ""b"" : ""45°"", ""c"" : ""60°"", ""d"" : ""75°"", ""e"" : ""90°"", ""key"" : ""D""}"
"{""id"" : ""265bb530-a172-5c92-bcb1-5414ee7ffb43"", ""subject"" : ""MATEMATIK"", ""q"" : ""Buna göre, for y = x + 1 eksenlerine göre simetriği olan grafikin denklemi hangisi olabilir?"", ""a"" : ""y = x - 1"", ""b"" : ""y = -x + 1"", ""c"" : ""y = -x - 1"", ""d"" : ""y = x + 1"", ""e"" : ""y = x + 2"", ""key"" : ""B""}"
"{""id"" : ""60acdafc-2bbc-59c3-a15f-b311dbba1069"", ""subject"" : ""TURKCE"", ""q"" : ""Bilindiği üzere Sibirya'nın çoğu toprağı donmuş ince bir buz tabakasından oluşuyor ve bu donmuş toprağa \""permafrost\"" deniyor. Ancak iklim koşulları değiştiğinde, erimeler gerçekleşerek bölgeye hâkim olan tundra bitki örtüsünün altında delikler açıyor ve çökmeiler oluyor. Bunlardan en önemlisi Batagayka krateri ve bölgedeki Yakutların dediği gibi yeri bir yer altı dünyasının kapısı. Bir kilometre genişliğinde, 86 metre derinliğinde olan ve her geçen yıl daha da büyüyen Batagayka krateri; araştırmacıların yer altından kalma ormanları, iskaleleri, bilki örtüsüne ve 200.000 yıllık iklim değişikliği kayıtlarına ulaşmalarını sağlıyor. Kraterde o ana kadar antik çokçok toz (polen) örnekleri, arktik bölgelere özel küçük öküzü kalıntılarıyla birlikte mamut ve 4.400 yıllık at kalıntılarına rastlandı. Ayrıca orman yatakları ve elde edilen diğer veriler, araştırmacılara Sibirya'nın ikliminin eskiden günümüze göre daha sıcak olduğunu gösterdi. Kraterde araştırmalar hâlâ devam ediyor.\n\nBu parçanın anlatımında aşağıdakilerden hangileri kullanılmıştır?"", ""a"" : ""Açıklama - tartışma"", ""b"" : ""Tartışma - tanık gösterme"", ""c"" : ""Sayısal verilerden yararlanma - açıklama"", ""d"" : ""Betimleme - açıklama"", ""e"" : ""Tartışma - sayısal verilerden yararlanma"", ""key"" : ""C""}"
"{""id"" : ""dbb4c2a0-7475-5439-9662-fc03387817ea"", ""subject"" : ""GEOMETRI"", ""q"" : ""ABC üçgenünde, [AB] kenarının uzunluğu 10 cm, [BC] kenarının uzunluğu 8 cm ve [AC] kenarının uzunluğu 6 cm'dir. Bu üçgenin çevresi kaç cm'dir?"", ""a"" : ""24 cm"", ""b"" : ""26 cm"", ""c"" : ""28 cm"", ""d"" : ""30 cm"", ""e"" : ""32 cm"", ""key"" : ""A""}"
"{""id"" : ""ed59cf1d-4c62-5140-8898-79088a53b6e6"", ""subject"" : ""MATEMATIK"", ""q"" : ""Doğal sayılarla ilgili aşağıdaki ifadelerden hangisi doğrudur?"", ""a"" : ""Her doğal sayının karesi doğal sayıdır."", ""b"" : ""Her doğal sayının karesi tam sayıdır."", ""c"" : ""Her doğal sayının karesi rasyonel sayıdır."", ""d"" : ""Her doğal sayının karesi irrasyonel sayıdır."", ""e"" : ""Her doğal sayının karesi gerçek sayıdır."", ""key"" : ""A""}"
"{""id"" : ""1ab74d5d-bd6a-5ce8-add8-ee9a8a9ae3bd"", ""subject"" : ""MATEMATIK"", ""q"" : ""f(x) = x^2 + 4x + 3 fonksiyonunun grafiğinin x ekseniyle kesim noktalarını bulunuz."", ""a"" : ""(-3, 0) ve (-1, 0)"", ""b"" : ""(-3, 0) ve (1, 0)"", ""c"" : ""(-1, 0) ve (3, 0)"", ""d"" : ""(-1, 0) ve (1, 0)"", ""e"" : ""(-3, 0) ve (3, 0)"", ""key"" : ""A""}"
"{""id"" : ""93abaa43-77c7-524b-ad7a-fc24114c8b35"", ""subject"" : ""GEOMETRI"", ""q"" : ""Bir dörtgenin bir köşesinden diğer köşeye doğru bir çizgi çizilmiştir. Bu çizgi, dörtgenin alanı ve çevresini nasıl etkiler?"", ""a"" : ""Alanı ve çevresini artırmaz"", ""b"" : ""Alanı artar, çevresini azaltır"", ""c"" : ""Alanı azaltır, çevresini artırır"", ""d"" : ""Alanı ve çevresini azaltır"", ""e"" : ""Alanı ve çevresini değiştirmez"", ""key"" : ""E""}"
